[NbConvertApp] Converting notebook C:\Users\Admin\Desktop\Projetos\Projeto-ML\notebooks\modelos\01_random_forest.ipynb to notebook
C:\Users\Admin\Desktop\Projetos\Projeto-ML\.venv\Lib\site-packages\zmq\_future.py:718: RuntimeWarning: Proactor event loop does not implement add_reader family of methods required for zmq. Registering an additional selector thread for add_reader support via tornado. Use `asyncio.set_event_loop_policy(WindowsSelectorEventLoopPolicy())` to avoid this warning.
  self._get_loop()
[IPKernelApp] WARNING | Kernel is running over TCP without encryption. All communication (including code and outputs) is sent in plain text and is susceptible to eavesdropping. Use IPC transport or launch with kernel manager-provisioned CurveZMQ keys to enable transport encryption.
[CV] END model__bootstrap=False, model__criterion=squared_error, model__max_depth=24, model__max_features=0.7, model__min_samples_leaf=1, model__min_samples_split=10, model__n_estimators=300; total time=   0.5s
[CV] END model__bootstrap=False, model__criterion=squared_error, model__max_depth=24, model__max_features=0.7, model__min_samples_leaf=1, model__min_samples_split=10, model__n_estimators=300; total time= 2.0min
[CV] END model__bootstrap=False, model__criterion=squared_error, model__max_depth=None, model__max_features=1.0, model__min_samples_leaf=2, model__min_samples_split=20, model__n_estimators=300; total time=   0.5s
[CV] END model__bootstrap=False, model__criterion=squared_error, model__max_depth=None, model__max_features=1.0, model__min_samples_leaf=2, model__min_samples_split=20, model__n_estimators=300; total time=   2.5s
[CV] END model__bootstrap=False, model__criterion=squared_error, model__max_depth=None, model__max_features=1.0, model__min_samples_leaf=2, model__min_samples_split=20, model__n_estimators=300; total time=   6.4s
[CV] END model__bootstrap=False, model__criterion=squared_error, model__max_depth=None, model__max_features=1.0, model__min_samples_leaf=2, model__min_samples_split=20, model__n_estimators=300; total time=  12.6s
[CV] END model__bootstrap=False, model__criterion=squared_error, model__max_depth=None, model__max_features=1.0, model__min_samples_leaf=2, model__min_samples_split=20, model__n_estimators=300; total time=  28.7s
[CV] END model__bootstrap=False, model__criterion=squared_error, model__max_depth=None, model__max_features=1.0, model__min_samples_leaf=2, model__min_samples_split=20, model__n_estimators=300; total time= 1.5min
[CV] END model__bootstrap=False, model__criterion=squared_error, model__max_depth=None, model__max_features=1.0, model__min_samples_leaf=2, model__min_samples_split=20, model__n_estimators=300; total time= 3.9min
[CV] END model__bootstrap=False, model__criterion=squared_error, model__max_depth=18, model__max_features=1.0, model__min_samples_leaf=4, model__min_samples_split=2, model__n_estimators=300; total time= 2.0min
[CV] END model__bootstrap=False, model__criterion=squared_error, model__max_depth=18, model__max_features=1.0, model__min_samples_leaf=4, model__min_samples_split=2, model__n_estimators=300; total time= 4.7min
[CV] END model__bootstrap=True, model__criterion=squared_error, model__max_depth=None, model__max_features=1.0, model__min_samples_leaf=1, model__min_samples_split=2, model__n_estimators=800; total time= 6.1min
[CV] END model__bootstrap=True, model__criterion=squared_error, model__max_depth=None, model__max_features=1.0, model__min_samples_leaf=8, model__min_samples_split=2, model__n_estimators=300; total time=   0.4s
[CV] END model__bootstrap=True, model__criterion=squared_error, model__max_depth=None, model__max_features=1.0, model__min_samples_leaf=8, model__min_samples_split=2, model__n_estimators=300; total time=   1.7s
[CV] END model__bootstrap=True, model__criterion=squared_error, model__max_depth=None, model__max_features=1.0, model__min_samples_leaf=8, model__min_samples_split=2, model__n_estimators=300; total time=   3.7s
[CV] END model__bootstrap=True, model__criterion=squared_error, model__max_depth=None, model__max_features=1.0, model__min_samples_leaf=8, model__min_samples_split=2, model__n_estimators=300; total time=   7.4s
[CV] END model__bootstrap=True, model__criterion=squared_error, model__max_depth=None, model__max_features=1.0, model__min_samples_leaf=8, model__min_samples_split=2, model__n_estimators=300; total time=  17.4s
[CV] END model__bootstrap=True, model__criterion=squared_error, model__max_depth=None, model__max_features=1.0, model__min_samples_leaf=8, model__min_samples_split=2, model__n_estimators=300; total time=  33.0s
[CV] END model__bootstrap=True, model__criterion=squared_error, model__max_depth=None, model__max_features=1.0, model__min_samples_leaf=8, model__min_samples_split=2, model__n_estimators=300; total time=  52.3s
[CV] END model__bootstrap=True, model__criterion=squared_error, model__max_depth=None, model__max_features=1.0, model__min_samples_leaf=8, model__min_samples_split=2, model__n_estimators=300; total time= 1.2min
[CV] END model__bootstrap=True, model__criterion=squared_error, model__max_depth=None, model__max_features=1.0, model__min_samples_leaf=8, model__min_samples_split=2, model__n_estimators=300; total time= 2.1min
[CV] END model__bootstrap=True, model__criterion=squared_error, model__max_depth=None, model__max_features=1.0, model__min_samples_leaf=8, model__min_samples_split=2, model__n_estimators=300; total time= 3.4min
[CV] END model__bootstrap=False, model__criterion=squared_error, model__max_depth=24, model__max_features=1.0, model__min_samples_leaf=4, model__min_samples_split=5, model__n_estimators=300; total time=  30.2s
[CV] END model__bootstrap=False, model__criterion=squared_error, model__max_depth=24, model__max_features=1.0, model__min_samples_leaf=4, model__min_samples_split=5, model__n_estimators=300; total time= 1.5min
[CV] END model__bootstrap=False, model__criterion=squared_error, model__max_depth=24, model__max_features=1.0, model__min_samples_leaf=4, model__min_samples_split=5, model__n_estimators=300; total time= 3.5min
[CV] END model__bootstrap=False, model__criterion=squared_error, model__max_depth=8, model__max_features=1.0, model__min_samples_leaf=2, model__min_samples_split=5, model__n_estimators=1200; total time=   2.5s
[CV] END model__bootstrap=False, model__criterion=squared_error, model__max_depth=8, model__max_features=1.0, model__min_samples_leaf=2, model__min_samples_split=5, model__n_estimators=1200; total time=   9.6s
[CV] END model__bootstrap=False, model__criterion=squared_error, model__max_depth=8, model__max_features=1.0, model__min_samples_leaf=2, model__min_samples_split=5, model__n_estimators=1200; total time=  20.7s
[CV] END model__bootstrap=False, model__criterion=squared_error, model__max_depth=8, model__max_features=1.0, model__min_samples_leaf=2, model__min_samples_split=5, model__n_estimators=1200; total time=  38.9s
[CV] END model__bootstrap=False, model__criterion=squared_error, model__max_depth=8, model__max_features=1.0, model__min_samples_leaf=2, model__min_samples_split=5, model__n_estimators=1200; total time= 3.5min
[CV] END model__bootstrap=False, model__criterion=squared_error, model__max_depth=8, model__max_features=1.0, model__min_samples_leaf=2, model__min_samples_split=5, model__n_estimators=1200; total time=12.8min
[CV] END model__bootstrap=False, model__criterion=squared_error, model__max_depth=8, model__max_features=0.5, model__min_samples_leaf=2, model__min_samples_split=2, model__n_estimators=800; total time=  47.9s
[CV] END model__bootstrap=False, model__criterion=squared_error, model__max_depth=8, model__max_features=0.5, model__min_samples_leaf=2, model__min_samples_split=2, model__n_estimators=800; total time= 1.7min
[CV] END model__bootstrap=False, model__criterion=squared_error, model__max_depth=8, model__max_features=0.5, model__min_samples_leaf=2, model__min_samples_split=2, model__n_estimators=800; total time= 4.7min
[CV] END model__bootstrap=False, model__criterion=squared_error, model__max_depth=8, model__max_features=0.5, model__min_samples_leaf=8, model__min_samples_split=5, model__n_estimators=800; total time= 2.7min
[CV] END model__bootstrap=False, model__criterion=squared_error, model__max_depth=24, model__max_features=sqrt, model__min_samples_leaf=1, model__min_samples_split=5, model__n_estimators=800; total time=   0.8s
[CV] END model__bootstrap=False, model__criterion=squared_error, model__max_depth=24, model__max_features=sqrt, model__min_samples_leaf=1, model__min_samples_split=5, model__n_estimators=800; total time=   2.1s
[CV] END model__bootstrap=False, model__criterion=squared_error, model__max_depth=24, model__max_features=sqrt, model__min_samples_leaf=1, model__min_samples_split=5, model__n_estimators=800; total time=   3.5s
[CV] END model__bootstrap=False, model__criterion=squared_error, model__max_depth=24, model__max_features=sqrt, model__min_samples_leaf=1, model__min_samples_split=5, model__n_estimators=800; total time=   6.0s[CV] END model__bootstrap=False, model__criterion=squared_error, model__max_depth=24, model__max_features=0.7, model__min_samples_leaf=1, model__min_samples_split=10, model__n_estimators=300; total time= 1.5min
[CV] END model__bootstrap=False, model__criterion=squared_error, model__max_depth=24, model__max_features=0.7, model__min_samples_leaf=1, model__min_samples_split=10, model__n_estimators=300; total time= 5.6min
[CV] END model__bootstrap=False, model__criterion=squared_error, model__max_depth=18, model__max_features=1.0, model__min_samples_leaf=4, model__min_samples_split=2, model__n_estimators=300; total time=   0.5s
[CV] END model__bootstrap=False, model__criterion=squared_error, model__max_depth=18, model__max_features=1.0, model__min_samples_leaf=4, model__min_samples_split=2, model__n_estimators=300; total time=   2.6s
[CV] END model__bootstrap=False, model__criterion=squared_error, model__max_depth=18, model__max_features=1.0, model__min_samples_leaf=4, model__min_samples_split=2, model__n_estimators=300; total time=   6.7s
[CV] END model__bootstrap=False, model__criterion=squared_error, model__max_depth=18, model__max_features=1.0, model__min_samples_leaf=4, model__min_samples_split=2, model__n_estimators=300; total time=  29.8s
[CV] END model__bootstrap=False, model__criterion=squared_error, model__max_depth=18, model__max_features=1.0, model__min_samples_leaf=4, model__min_samples_split=2, model__n_estimators=300; total time= 1.4min
[CV] END model__bootstrap=False, model__criterion=squared_error, model__max_depth=18, model__max_features=1.0, model__min_samples_leaf=4, model__min_samples_split=2, model__n_estimators=300; total time= 3.3min
[CV] END model__bootstrap=False, model__criterion=squared_error, model__max_depth=18, model__max_features=1.0, model__min_samples_leaf=4, model__min_samples_split=2, model__n_estimators=300; total time= 7.2min
[CV] END model__bootstrap=True, model__criterion=squared_error, model__max_depth=None, model__max_features=1.0, model__min_samples_leaf=1, model__min_samples_split=2, model__n_estimators=800; total time=16.3min
[CV] END model__bootstrap=False, model__criterion=squared_error, model__max_depth=8, model__max_features=1.0, model__min_samples_leaf=2, model__min_samples_split=5, model__n_estimators=1200; total time= 1.4min
[CV] END model__bootstrap=False, model__criterion=squared_error, model__max_depth=8, model__max_features=1.0, model__min_samples_leaf=2, model__min_samples_split=5, model__n_estimators=1200; total time= 6.4min
[CV] END model__bootstrap=False, model__criterion=squared_error, model__max_depth=8, model__max_features=1.0, model__min_samples_leaf=4, model__min_samples_split=20, model__n_estimators=300; total time=   0.5s
[CV] END model__bootstrap=False, model__criterion=squared_error, model__max_depth=8, model__max_features=1.0, model__min_samples_leaf=4, model__min_samples_split=20, model__n_estimators=300; total time=   2.3s
[CV] END model__bootstrap=False, model__criterion=squared_error, model__max_depth=8, model__max_features=1.0, model__min_samples_leaf=4, model__min_samples_split=20, model__n_estimators=300; total time=   4.9s
[CV] END model__bootstrap=False, model__criterion=squared_error, model__max_depth=8, model__max_features=1.0, model__min_samples_leaf=4, model__min_samples_split=20, model__n_estimators=300; total time=   9.4s
[CV] END model__bootstrap=False, model__criterion=squared_error, model__max_depth=8, model__max_features=1.0, model__min_samples_leaf=4, model__min_samples_split=20, model__n_estimators=300; total time=  20.7s
[CV] END model__bootstrap=False, model__criterion=squared_error, model__max_depth=8, model__max_features=1.0, model__min_samples_leaf=4, model__min_samples_split=20, model__n_estimators=300; total time=  36.7s
[CV] END model__bootstrap=False, model__criterion=squared_error, model__max_depth=8, model__max_features=1.0, model__min_samples_leaf=4, model__min_samples_split=20, model__n_estimators=300; total time=  54.6s
[CV] END model__bootstrap=False, model__criterion=squared_error, model__max_depth=8, model__max_features=1.0, model__min_samples_leaf=4, model__min_samples_split=20, model__n_estimators=300; total time= 1.2min
[CV] END model__bootstrap=False, model__criterion=squared_error, model__max_depth=8, model__max_features=1.0, model__min_samples_leaf=4, model__min_samples_split=20, model__n_estimators=300; total time= 2.0min
[CV] END model__bootstrap=False, model__criterion=squared_error, model__max_depth=8, model__max_features=1.0, model__min_samples_leaf=4, model__min_samples_split=20, model__n_estimators=300; total time= 3.2min
[CV] END model__bootstrap=False, model__criterion=squared_error, model__max_depth=8, model__max_features=0.5, model__min_samples_leaf=2, model__min_samples_split=2, model__n_estimators=800; total time=   1.2s
[CV] END model__bootstrap=False, model__criterion=squared_error, model__max_depth=8, model__max_features=0.5, model__min_samples_leaf=2, model__min_samples_split=2, model__n_estimators=800; total time=   3.8s
[CV] END model__bootstrap=False, model__criterion=squared_error, model__max_depth=8, model__max_features=0.5, model__min_samples_leaf=2, model__min_samples_split=2, model__n_estimators=800; total time=   7.2s
[CV] END model__bootstrap=False, model__criterion=squared_error, model__max_depth=8, model__max_features=0.5, model__min_samples_leaf=2, model__min_samples_split=2, model__n_estimators=800; total time=  13.0s
[CV] END model__bootstrap=False, model__criterion=squared_error, model__max_depth=8, model__max_features=0.5, model__min_samples_leaf=2, model__min_samples_split=2, model__n_estimators=800; total time=  28.0s
[CV] END model__bootstrap=False, model__criterion=squared_error, model__max_depth=8, model__max_features=0.5, model__min_samples_leaf=2, model__min_samples_split=2, model__n_estimators=800; total time= 1.2min
[CV] END model__bootstrap=False, model__criterion=squared_error, model__max_depth=8, model__max_features=0.5, model__min_samples_leaf=2, model__min_samples_split=2, model__n_estimators=800; total time= 2.8min
[CV] END model__bootstrap=False, model__criterion=squared_error, model__max_depth=8, model__max_features=0.5, model__min_samples_leaf=2, model__min_samples_split=2, model__n_estimators=800; total time= 6.1min
[CV] END model__bootstrap=False, model__criterion=squared_error, model__max_depth=24, model__max_features=sqrt, model__min_samples_leaf=1, model__min_samples_split=5, model__n_estimators=800; total time=  48.4s
[CV] END model__bootstrap=False, model__criterion=squared_error, model__max_depth=24, model__max_features=sqrt, model__min_samples_leaf=1, model__min_samples_split=5, model__n_estimators=800; total time= 1.9min
[CV] END model__bootstrap=False, model__criterion=squared_error, model__max_depth=24, model__max_features=sqrt, model__min_samples_leaf=2, model__min_samples_split=20, model__n_estimators=1200; total time=   1.1s
[CV] END model__bootstrap=False, model__criterion=squared_error, model__max_depth=24, model__max_features=sqrt, model__min_samples_leaf=2, model__min_samples_split=20, model__n_estimators=1200; total time=   2.3s
[CV] END model__bootstrap=False, model__criterion=squared_error, model__max_depth=24, model__max_features=sqrt, model__min_samples_leaf=2, model__min_samples_split=20, model__n_estimators=1200; total time=   4.2s
[CV] END model__bootstrap=False, model__criterion=squared_error, model__max_depth=24, model__max_features=sqrt, model__min_samples_leaf=2, model__min_samples_split=20, model__n_estimators=1200; total time=  16.3s
[CV] END model__bootstrap=False, model__criterion=squared_error, model__max_depth=24, model__max_features=sqrt, model__min_samples_leaf=2, model__min_samples_split=20, model__n_estimators=1200; total time=  42.0s
[CV] END model__bootstrap=False, model__criterion=squared_error, model__max_depth=24, model__max_features=sqrt, model__min_samples_leaf=2, model__min_samples_split=20, model__n_estimators=1200; total time= 2.1min
[CV] END model__bootstrap=True, model__criterion=squared_error, model__max_depth=12, model__max_features=sqrt, model__min_samples_leaf=2, model__min_samples_split=5, model__n_estimators=1200; total time=  45.1s[CV] END model__bootstrap=False, model__criterion=squared_error, model__max_depth=24, model__max_features=0.7, model__min_samples_leaf=1, model__min_samples_split=10, model__n_estimators=300; total time=   2.1s
[CV] END model__bootstrap=False, model__criterion=squared_error, model__max_depth=24, model__max_features=0.7, model__min_samples_leaf=1, model__min_samples_split=10, model__n_estimators=300; total time= 2.6min
[CV] END model__bootstrap=False, model__criterion=squared_error, model__max_depth=None, model__max_features=1.0, model__min_samples_leaf=2, model__min_samples_split=20, model__n_estimators=300; total time=  54.5s
[CV] END model__bootstrap=False, model__criterion=squared_error, model__max_depth=None, model__max_features=1.0, model__min_samples_leaf=2, model__min_samples_split=20, model__n_estimators=300; total time= 2.7min
[CV] END model__bootstrap=False, model__criterion=squared_error, model__max_depth=None, model__max_features=1.0, model__min_samples_leaf=2, model__min_samples_split=20, model__n_estimators=300; total time= 7.1min
[CV] END model__bootstrap=True, model__criterion=squared_error, model__max_depth=None, model__max_features=1.0, model__min_samples_leaf=1, model__min_samples_split=2, model__n_estimators=800; total time=   1.9s
[CV] END model__bootstrap=True, model__criterion=squared_error, model__max_depth=None, model__max_features=1.0, model__min_samples_leaf=1, model__min_samples_split=2, model__n_estimators=800; total time=   7.5s
[CV] END model__bootstrap=True, model__criterion=squared_error, model__max_depth=None, model__max_features=1.0, model__min_samples_leaf=1, model__min_samples_split=2, model__n_estimators=800; total time=  31.5s
[CV] END model__bootstrap=True, model__criterion=squared_error, model__max_depth=None, model__max_features=1.0, model__min_samples_leaf=1, model__min_samples_split=2, model__n_estimators=800; total time= 3.3min
[CV] END model__bootstrap=True, model__criterion=squared_error, model__max_depth=None, model__max_features=1.0, model__min_samples_leaf=1, model__min_samples_split=2, model__n_estimators=800; total time=12.3min
[CV] END model__bootstrap=False, model__criterion=squared_error, model__max_depth=24, model__max_features=1.0, model__min_samples_leaf=4, model__min_samples_split=5, model__n_estimators=300; total time=   0.5s
[CV] END model__bootstrap=False, model__criterion=squared_error, model__max_depth=24, model__max_features=1.0, model__min_samples_leaf=4, model__min_samples_split=5, model__n_estimators=300; total time=   2.7s
[CV] END model__bootstrap=False, model__criterion=squared_error, model__max_depth=24, model__max_features=1.0, model__min_samples_leaf=4, model__min_samples_split=5, model__n_estimators=300; total time=   6.7s
[CV] END model__bootstrap=False, model__criterion=squared_error, model__max_depth=24, model__max_features=1.0, model__min_samples_leaf=4, model__min_samples_split=5, model__n_estimators=300; total time=  13.1s
[CV] END model__bootstrap=False, model__criterion=squared_error, model__max_depth=24, model__max_features=1.0, model__min_samples_leaf=4, model__min_samples_split=5, model__n_estimators=300; total time=  56.6s
[CV] END model__bootstrap=False, model__criterion=squared_error, model__max_depth=24, model__max_features=1.0, model__min_samples_leaf=4, model__min_samples_split=5, model__n_estimators=300; total time= 2.1min
[CV] END model__bootstrap=False, model__criterion=squared_error, model__max_depth=24, model__max_features=1.0, model__min_samples_leaf=4, model__min_samples_split=5, model__n_estimators=300; total time= 6.3min
[CV] END model__bootstrap=False, model__criterion=squared_error, model__max_depth=8, model__max_features=1.0, model__min_samples_leaf=2, model__min_samples_split=5, model__n_estimators=1200; total time=11.2min
[CV] END model__bootstrap=False, model__criterion=squared_error, model__max_depth=8, model__max_features=1.0, model__min_samples_leaf=4, model__min_samples_split=20, model__n_estimators=300; total time= 4.0min
[CV] END model__bootstrap=False, model__criterion=squared_error, model__max_depth=8, model__max_features=0.5, model__min_samples_leaf=2, model__min_samples_split=2, model__n_estimators=800; total time= 3.4min
[CV] END model__bootstrap=False, model__criterion=squared_error, model__max_depth=8, model__max_features=0.5, model__min_samples_leaf=8, model__min_samples_split=5, model__n_estimators=800; total time=   1.0s
[CV] END model__bootstrap=False, model__criterion=squared_error, model__max_depth=8, model__max_features=0.5, model__min_samples_leaf=8, model__min_samples_split=5, model__n_estimators=800; total time=   3.5s
[CV] END model__bootstrap=False, model__criterion=squared_error, model__max_depth=8, model__max_features=0.5, model__min_samples_leaf=8, model__min_samples_split=5, model__n_estimators=800; total time=   7.5s
[CV] END model__bootstrap=False, model__criterion=squared_error, model__max_depth=8, model__max_features=0.5, model__min_samples_leaf=8, model__min_samples_split=5, model__n_estimators=800; total time=  13.8s
[CV] END model__bootstrap=False, model__criterion=squared_error, model__max_depth=8, model__max_features=0.5, model__min_samples_leaf=8, model__min_samples_split=5, model__n_estimators=800; total time=  37.0s
[CV] END model__bootstrap=False, model__criterion=squared_error, model__max_depth=8, model__max_features=0.5, model__min_samples_leaf=8, model__min_samples_split=5, model__n_estimators=800; total time= 1.2min
[CV] END model__bootstrap=False, model__criterion=squared_error, model__max_depth=8, model__max_features=0.5, model__min_samples_leaf=8, model__min_samples_split=5, model__n_estimators=800; total time= 3.7min
[CV] END model__bootstrap=False, model__criterion=squared_error, model__max_depth=24, model__max_features=sqrt, model__min_samples_leaf=1, model__min_samples_split=5, model__n_estimators=800; total time= 1.6min
[CV] END model__bootstrap=False, model__criterion=squared_error, model__max_depth=24, model__max_features=sqrt, model__min_samples_leaf=1, model__min_samples_split=5, model__n_estimators=800; total time= 2.9min
[CV] END model__bootstrap=True, model__criterion=squared_error, model__max_depth=12, model__max_features=sqrt, model__min_samples_leaf=2, model__min_samples_split=5, model__n_estimators=1200; total time=   1.4s
[CV] END model__bootstrap=True, model__criterion=squared_error, model__max_depth=12, model__max_features=sqrt, model__min_samples_leaf=2, model__min_samples_split=5, model__n_estimators=1200; total time=   2.5s
[CV] END model__bootstrap=True, model__criterion=squared_error, model__max_depth=12, model__max_features=sqrt, model__min_samples_leaf=2, model__min_samples_split=5, model__n_estimators=1200; total time=   3.9s
[CV] END model__bootstrap=True, model__criterion=squared_error, model__max_depth=12, model__max_features=sqrt, model__min_samples_leaf=2, model__min_samples_split=5, model__n_estimators=1200; total time=   5.7s
[CV] END model__bootstrap=True, model__criterion=squared_error, model__max_depth=12, model__max_features=sqrt, model__min_samples_leaf=2, model__min_samples_split=5, model__n_estimators=1200; total time=  11.2s
[CV] END model__bootstrap=True, model__criterion=squared_error, model__max_depth=12, model__max_features=sqrt, model__min_samples_leaf=2, model__min_samples_split=5, model__n_estimators=1200; total time=  26.0s
[CV] END model__bootstrap=True, model__criterion=squared_error, model__max_depth=12, model__max_features=sqrt, model__min_samples_leaf=2, model__min_samples_split=5, model__n_estimators=1200; total time=  56.2s
[CV] END model__bootstrap=True, model__criterion=squared_error, model__max_depth=12, model__max_features=sqrt, model__min_samples_leaf=2, model__min_samples_split=5, model__n_estimators=1200; total time= 1.7min
[CV] END model__bootstrap=False, model__criterion=squared_error, model__max_depth=32, model__max_features=0.7, model__min_samples_leaf=4, model__min_samples_split=2, model__n_estimators=500; total time= 5.0min
[CV] END model__bootstrap=True, model__criterion=squared_error, model__max_depth=8, model__max_features=1.0, model__min_samples_leaf=1, model__min_samples_split=10, model__n_estimators=500; total time= 1.8min[CV] END model__bootstrap=False, model__criterion=squared_error, model__max_depth=24, model__max_features=0.7, model__min_samples_leaf=1, model__min_samples_split=10, model__n_estimators=300; total time=   5.0s
[CV] END model__bootstrap=False, model__criterion=squared_error, model__max_depth=24, model__max_features=0.7, model__min_samples_leaf=1, model__min_samples_split=10, model__n_estimators=300; total time= 3.1min
[CV] END model__bootstrap=False, model__criterion=squared_error, model__max_depth=None, model__max_features=1.0, model__min_samples_leaf=2, model__min_samples_split=20, model__n_estimators=300; total time= 2.0min
[CV] END model__bootstrap=False, model__criterion=squared_error, model__max_depth=None, model__max_features=1.0, model__min_samples_leaf=2, model__min_samples_split=20, model__n_estimators=300; total time= 5.6min
[CV] END model__bootstrap=False, model__criterion=squared_error, model__max_depth=18, model__max_features=1.0, model__min_samples_leaf=4, model__min_samples_split=2, model__n_estimators=300; total time= 5.4min
[CV] END model__bootstrap=True, model__criterion=squared_error, model__max_depth=None, model__max_features=1.0, model__min_samples_leaf=1, model__min_samples_split=2, model__n_estimators=800; total time= 9.1min
[CV] END model__bootstrap=True, model__criterion=squared_error, model__max_depth=None, model__max_features=1.0, model__min_samples_leaf=8, model__min_samples_split=2, model__n_estimators=300; total time= 2.5min
[CV] END model__bootstrap=True, model__criterion=squared_error, model__max_depth=None, model__max_features=1.0, model__min_samples_leaf=8, model__min_samples_split=2, model__n_estimators=300; total time= 3.9min
[CV] END model__bootstrap=False, model__criterion=squared_error, model__max_depth=24, model__max_features=1.0, model__min_samples_leaf=4, model__min_samples_split=5, model__n_estimators=300; total time= 2.8min
[CV] END model__bootstrap=False, model__criterion=squared_error, model__max_depth=24, model__max_features=1.0, model__min_samples_leaf=4, model__min_samples_split=5, model__n_estimators=300; total time= 7.2min
[CV] END model__bootstrap=False, model__criterion=squared_error, model__max_depth=8, model__max_features=1.0, model__min_samples_leaf=2, model__min_samples_split=5, model__n_estimators=1200; total time=14.4min
[CV] END model__bootstrap=False, model__criterion=squared_error, model__max_depth=8, model__max_features=0.5, model__min_samples_leaf=2, model__min_samples_split=2, model__n_estimators=800; total time= 5.3min
[CV] END model__bootstrap=False, model__criterion=squared_error, model__max_depth=8, model__max_features=0.5, model__min_samples_leaf=8, model__min_samples_split=5, model__n_estimators=800; total time= 4.9min
[CV] END model__bootstrap=False, model__criterion=squared_error, model__max_depth=24, model__max_features=sqrt, model__min_samples_leaf=2, model__min_samples_split=20, model__n_estimators=1200; total time=   7.0s
[CV] END model__bootstrap=False, model__criterion=squared_error, model__max_depth=24, model__max_features=sqrt, model__min_samples_leaf=2, model__min_samples_split=20, model__n_estimators=1200; total time=  28.0s
[CV] END model__bootstrap=False, model__criterion=squared_error, model__max_depth=24, model__max_features=sqrt, model__min_samples_leaf=2, model__min_samples_split=20, model__n_estimators=1200; total time=  59.5s
[CV] END model__bootstrap=False, model__criterion=squared_error, model__max_depth=24, model__max_features=sqrt, model__min_samples_leaf=2, model__min_samples_split=20, model__n_estimators=1200; total time= 3.1min
[CV] END model__bootstrap=False, model__criterion=squared_error, model__max_depth=32, model__max_features=0.7, model__min_samples_leaf=4, model__min_samples_split=2, model__n_estimators=500; total time=   0.8s
[CV] END model__bootstrap=False, model__criterion=squared_error, model__max_depth=32, model__max_features=0.7, model__min_samples_leaf=4, model__min_samples_split=2, model__n_estimators=500; total time=   3.7s
[CV] END model__bootstrap=False, model__criterion=squared_error, model__max_depth=32, model__max_features=0.7, model__min_samples_leaf=4, model__min_samples_split=2, model__n_estimators=500; total time=   8.1s
[CV] END model__bootstrap=False, model__criterion=squared_error, model__max_depth=32, model__max_features=0.7, model__min_samples_leaf=4, model__min_samples_split=2, model__n_estimators=500; total time=  15.6s
[CV] END model__bootstrap=False, model__criterion=squared_error, model__max_depth=32, model__max_features=0.7, model__min_samples_leaf=4, model__min_samples_split=2, model__n_estimators=500; total time= 1.1min
[CV] END model__bootstrap=False, model__criterion=squared_error, model__max_depth=32, model__max_features=0.7, model__min_samples_leaf=4, model__min_samples_split=2, model__n_estimators=500; total time= 6.9min
[CV] END model__bootstrap=True, model__criterion=squared_error, model__max_depth=8, model__max_features=1.0, model__min_samples_leaf=1, model__min_samples_split=10, model__n_estimators=500; total time= 4.0min
[CV] END model__bootstrap=False, model__criterion=squared_error, model__max_depth=32, model__max_features=0.7, model__min_samples_leaf=2, model__min_samples_split=10, model__n_estimators=500; total time= 5.4min
[CV] END model__bootstrap=True, model__criterion=squared_error, model__max_depth=None, model__max_features=0.5, model__min_samples_leaf=4, model__min_samples_split=5, model__n_estimators=800; total time= 3.3min
[CV] END model__bootstrap=False, model__criterion=squared_error, model__max_depth=None, model__max_features=0.5, model__min_samples_leaf=4, model__min_samples_split=10, model__n_estimators=300; total time=   0.3s
[CV] END model__bootstrap=False, model__criterion=squared_error, model__max_depth=None, model__max_features=0.5, model__min_samples_leaf=4, model__min_samples_split=10, model__n_estimators=300; total time=   1.6s
[CV] END model__bootstrap=False, model__criterion=squared_error, model__max_depth=None, model__max_features=0.5, model__min_samples_leaf=4, model__min_samples_split=10, model__n_estimators=300; total time=   3.7s
[CV] END model__bootstrap=False, model__criterion=squared_error, model__max_depth=None, model__max_features=0.5, model__min_samples_leaf=4, model__min_samples_split=10, model__n_estimators=300; total time=   6.9s
[CV] END model__bootstrap=False, model__criterion=squared_error, model__max_depth=None, model__max_features=0.5, model__min_samples_leaf=4, model__min_samples_split=10, model__n_estimators=300; total time=  16.6s
[CV] END model__bootstrap=False, model__criterion=squared_error, model__max_depth=None, model__max_features=0.5, model__min_samples_leaf=4, model__min_samples_split=10, model__n_estimators=300; total time=  50.4s
[CV] END model__bootstrap=False, model__criterion=squared_error, model__max_depth=None, model__max_features=0.5, model__min_samples_leaf=4, model__min_samples_split=10, model__n_estimators=300; total time= 1.9min
[CV] END model__bootstrap=False, model__criterion=squared_error, model__max_depth=None, model__max_features=0.5, model__min_samples_leaf=4, model__min_samples_split=10, model__n_estimators=300; total time= 3.8min
[CV] END model__bootstrap=False, model__criterion=squared_error, model__max_depth=18, model__max_features=0.5, model__min_samples_leaf=2, model__min_samples_split=5, model__n_estimators=500; total time=   0.8s
[CV] END model__bootstrap=False, model__criterion=squared_error, model__max_depth=18, model__max_features=0.5, model__min_samples_leaf=2, model__min_samples_split=5, model__n_estimators=500; total time=   3.1s
[CV] END model__bootstrap=False, model__criterion=squared_error, model__max_depth=18, model__max_features=0.5, model__min_samples_leaf=2, model__min_samples_split=5, model__n_estimators=500; total time=   6.9s
[CV] END model__bootstrap=False, model__criterion=squared_error, model__max_depth=18, model__max_features=0.5, model__min_samples_leaf=2, model__min_samples_split=5, model__n_estimators=500; total time=  12.9s
[CV] END model__bootstrap=False, model__criterion=squared_error, model__max_depth=18, model__max_features=0.5, model__min_samples_leaf=2, model__min_samples_split=5, model__n_estimators=500; total time=  52.5s[CV] END model__bootstrap=False, model__criterion=squared_error, model__max_depth=24, model__max_features=0.7, model__min_samples_leaf=1, model__min_samples_split=10, model__n_estimators=300; total time=  41.8s
[CV] END model__bootstrap=False, model__criterion=squared_error, model__max_depth=24, model__max_features=0.7, model__min_samples_leaf=1, model__min_samples_split=10, model__n_estimators=300; total time= 4.7min
[CV] END model__bootstrap=False, model__criterion=squared_error, model__max_depth=None, model__max_features=1.0, model__min_samples_leaf=2, model__min_samples_split=20, model__n_estimators=300; total time= 6.2min
[CV] END model__bootstrap=False, model__criterion=squared_error, model__max_depth=18, model__max_features=1.0, model__min_samples_leaf=4, model__min_samples_split=2, model__n_estimators=300; total time= 6.8min
[CV] END model__bootstrap=True, model__criterion=squared_error, model__max_depth=None, model__max_features=1.0, model__min_samples_leaf=1, model__min_samples_split=2, model__n_estimators=800; total time=13.8min
[CV] END model__bootstrap=False, model__criterion=squared_error, model__max_depth=24, model__max_features=1.0, model__min_samples_leaf=4, model__min_samples_split=5, model__n_estimators=300; total time= 4.1min
[CV] END model__bootstrap=False, model__criterion=squared_error, model__max_depth=8, model__max_features=1.0, model__min_samples_leaf=2, model__min_samples_split=5, model__n_estimators=1200; total time= 2.4min
[CV] END model__bootstrap=False, model__criterion=squared_error, model__max_depth=8, model__max_features=1.0, model__min_samples_leaf=2, model__min_samples_split=5, model__n_estimators=1200; total time= 8.0min
[CV] END model__bootstrap=False, model__criterion=squared_error, model__max_depth=8, model__max_features=1.0, model__min_samples_leaf=4, model__min_samples_split=20, model__n_estimators=300; total time= 1.6min
[CV] END model__bootstrap=False, model__criterion=squared_error, model__max_depth=8, model__max_features=1.0, model__min_samples_leaf=4, model__min_samples_split=20, model__n_estimators=300; total time= 2.8min
[CV] END model__bootstrap=False, model__criterion=squared_error, model__max_depth=8, model__max_features=1.0, model__min_samples_leaf=4, model__min_samples_split=20, model__n_estimators=300; total time= 4.3min
[CV] END model__bootstrap=False, model__criterion=squared_error, model__max_depth=8, model__max_features=0.5, model__min_samples_leaf=2, model__min_samples_split=2, model__n_estimators=800; total time= 4.1min
[CV] END model__bootstrap=False, model__criterion=squared_error, model__max_depth=8, model__max_features=0.5, model__min_samples_leaf=8, model__min_samples_split=5, model__n_estimators=800; total time= 1.6min
[CV] END model__bootstrap=False, model__criterion=squared_error, model__max_depth=8, model__max_features=0.5, model__min_samples_leaf=8, model__min_samples_split=5, model__n_estimators=800; total time= 4.2min
[CV] END model__bootstrap=False, model__criterion=squared_error, model__max_depth=24, model__max_features=sqrt, model__min_samples_leaf=1, model__min_samples_split=5, model__n_estimators=800; total time= 2.4min
[CV] END model__bootstrap=False, model__criterion=squared_error, model__max_depth=24, model__max_features=sqrt, model__min_samples_leaf=2, model__min_samples_split=20, model__n_estimators=1200; total time= 2.4min
[CV] END model__bootstrap=True, model__criterion=squared_error, model__max_depth=12, model__max_features=sqrt, model__min_samples_leaf=2, model__min_samples_split=5, model__n_estimators=1200; total time= 1.5min
[CV] END model__bootstrap=False, model__criterion=squared_error, model__max_depth=32, model__max_features=0.7, model__min_samples_leaf=4, model__min_samples_split=2, model__n_estimators=500; total time= 2.5min
[CV] END model__bootstrap=False, model__criterion=squared_error, model__max_depth=32, model__max_features=0.7, model__min_samples_leaf=4, model__min_samples_split=2, model__n_estimators=500; total time= 8.9min
[CV] END model__bootstrap=False, model__criterion=squared_error, model__max_depth=32, model__max_features=0.7, model__min_samples_leaf=2, model__min_samples_split=10, model__n_estimators=500; total time= 3.0min
[CV] END model__bootstrap=True, model__criterion=squared_error, model__max_depth=None, model__max_features=0.5, model__min_samples_leaf=4, model__min_samples_split=5, model__n_estimators=800; total time=   0.9s
[CV] END model__bootstrap=True, model__criterion=squared_error, model__max_depth=None, model__max_features=0.5, model__min_samples_leaf=4, model__min_samples_split=5, model__n_estimators=800; total time=   2.6s
[CV] END model__bootstrap=True, model__criterion=squared_error, model__max_depth=None, model__max_features=0.5, model__min_samples_leaf=4, model__min_samples_split=5, model__n_estimators=800; total time=   5.2s
[CV] END model__bootstrap=True, model__criterion=squared_error, model__max_depth=None, model__max_features=0.5, model__min_samples_leaf=4, model__min_samples_split=5, model__n_estimators=800; total time=   9.8s
[CV] END model__bootstrap=True, model__criterion=squared_error, model__max_depth=None, model__max_features=0.5, model__min_samples_leaf=4, model__min_samples_split=5, model__n_estimators=800; total time=  23.2s
[CV] END model__bootstrap=True, model__criterion=squared_error, model__max_depth=None, model__max_features=0.5, model__min_samples_leaf=4, model__min_samples_split=5, model__n_estimators=800; total time=  44.3s
[CV] END model__bootstrap=True, model__criterion=squared_error, model__max_depth=None, model__max_features=0.5, model__min_samples_leaf=4, model__min_samples_split=5, model__n_estimators=800; total time= 1.6min
[CV] END model__bootstrap=True, model__criterion=squared_error, model__max_depth=None, model__max_features=0.5, model__min_samples_leaf=4, model__min_samples_split=5, model__n_estimators=800; total time= 4.1min
[CV] END model__bootstrap=False, model__criterion=squared_error, model__max_depth=None, model__max_features=0.5, model__min_samples_leaf=4, model__min_samples_split=10, model__n_estimators=300; total time= 1.5min
[CV] END model__bootstrap=False, model__criterion=squared_error, model__max_depth=None, model__max_features=0.5, model__min_samples_leaf=4, model__min_samples_split=10, model__n_estimators=300; total time= 3.0min
[CV] END model__bootstrap=False, model__criterion=squared_error, model__max_depth=12, model__max_features=sqrt, model__min_samples_leaf=8, model__min_samples_split=20, model__n_estimators=1200; total time= 1.7min
[CV] END model__bootstrap=False, model__criterion=squared_error, model__max_depth=18, model__max_features=0.5, model__min_samples_leaf=2, model__min_samples_split=5, model__n_estimators=500; total time=  29.0s
[CV] END model__bootstrap=False, model__criterion=squared_error, model__max_depth=18, model__max_features=0.5, model__min_samples_leaf=2, model__min_samples_split=5, model__n_estimators=500; total time= 2.4min
[CV] END model__bootstrap=True, model__criterion=squared_error, model__max_depth=32, model__max_features=0.7, model__min_samples_leaf=2, model__min_samples_split=2, model__n_estimators=1200; total time=   2.1s
[CV] END model__bootstrap=True, model__criterion=squared_error, model__max_depth=32, model__max_features=0.7, model__min_samples_leaf=2, model__min_samples_split=2, model__n_estimators=1200; total time=   7.4s
[CV] END model__bootstrap=True, model__criterion=squared_error, model__max_depth=32, model__max_features=0.7, model__min_samples_leaf=2, model__min_samples_split=2, model__n_estimators=1200; total time=  15.6s
[CV] END model__bootstrap=True, model__criterion=squared_error, model__max_depth=32, model__max_features=0.7, model__min_samples_leaf=2, model__min_samples_split=2, model__n_estimators=1200; total time=  29.1s
[CV] END model__bootstrap=True, model__criterion=squared_error, model__max_depth=32, model__max_features=0.7, model__min_samples_leaf=2, model__min_samples_split=2, model__n_estimators=1200; total time= 1.1min
[CV] END model__bootstrap=True, model__criterion=squared_error, model__max_depth=32, model__max_features=0.7, model__min_samples_leaf=2, model__min_samples_split=2, model__n_estimators=1200; total time= 4.4min[CV] END model__bootstrap=False, model__criterion=squared_error, model__max_depth=24, model__max_features=0.7, model__min_samples_leaf=1, model__min_samples_split=10, model__n_estimators=300; total time=  22.2s
[CV] END model__bootstrap=False, model__criterion=squared_error, model__max_depth=24, model__max_features=0.7, model__min_samples_leaf=1, model__min_samples_split=10, model__n_estimators=300; total time= 4.2min
[CV] END model__bootstrap=False, model__criterion=squared_error, model__max_depth=None, model__max_features=1.0, model__min_samples_leaf=2, model__min_samples_split=20, model__n_estimators=300; total time= 5.0min
[CV] END model__bootstrap=False, model__criterion=squared_error, model__max_depth=18, model__max_features=1.0, model__min_samples_leaf=4, model__min_samples_split=2, model__n_estimators=300; total time= 3.8min
[CV] END model__bootstrap=True, model__criterion=squared_error, model__max_depth=None, model__max_features=1.0, model__min_samples_leaf=1, model__min_samples_split=2, model__n_estimators=800; total time=  16.4s
[CV] END model__bootstrap=True, model__criterion=squared_error, model__max_depth=None, model__max_features=1.0, model__min_samples_leaf=1, model__min_samples_split=2, model__n_estimators=800; total time= 1.2min
[CV] END model__bootstrap=True, model__criterion=squared_error, model__max_depth=None, model__max_features=1.0, model__min_samples_leaf=1, model__min_samples_split=2, model__n_estimators=800; total time= 4.6min
[CV] END model__bootstrap=True, model__criterion=squared_error, model__max_depth=None, model__max_features=1.0, model__min_samples_leaf=1, model__min_samples_split=2, model__n_estimators=800; total time=15.5min
[CV] END model__bootstrap=False, model__criterion=squared_error, model__max_depth=24, model__max_features=1.0, model__min_samples_leaf=4, model__min_samples_split=5, model__n_estimators=300; total time= 7.8min
[CV] END model__bootstrap=False, model__criterion=squared_error, model__max_depth=8, model__max_features=1.0, model__min_samples_leaf=2, model__min_samples_split=5, model__n_estimators=1200; total time=17.4min
[CV] END model__bootstrap=False, model__criterion=squared_error, model__max_depth=8, model__max_features=0.5, model__min_samples_leaf=8, model__min_samples_split=5, model__n_estimators=800; total time= 3.2min
[CV] END model__bootstrap=False, model__criterion=squared_error, model__max_depth=24, model__max_features=sqrt, model__min_samples_leaf=1, model__min_samples_split=5, model__n_estimators=800; total time=  34.2s
[CV] END model__bootstrap=False, model__criterion=squared_error, model__max_depth=24, model__max_features=sqrt, model__min_samples_leaf=1, model__min_samples_split=5, model__n_estimators=800; total time= 1.4min
[CV] END model__bootstrap=False, model__criterion=squared_error, model__max_depth=24, model__max_features=sqrt, model__min_samples_leaf=1, model__min_samples_split=5, model__n_estimators=800; total time= 2.7min
[CV] END model__bootstrap=False, model__criterion=squared_error, model__max_depth=24, model__max_features=sqrt, model__min_samples_leaf=2, model__min_samples_split=20, model__n_estimators=1200; total time= 3.5min
[CV] END model__bootstrap=False, model__criterion=squared_error, model__max_depth=32, model__max_features=0.7, model__min_samples_leaf=4, model__min_samples_split=2, model__n_estimators=500; total time= 1.7min
[CV] END model__bootstrap=False, model__criterion=squared_error, model__max_depth=32, model__max_features=0.7, model__min_samples_leaf=4, model__min_samples_split=2, model__n_estimators=500; total time= 8.4min
[CV] END model__bootstrap=True, model__criterion=squared_error, model__max_depth=8, model__max_features=sqrt, model__min_samples_leaf=1, model__min_samples_split=10, model__n_estimators=800; total time=  29.2s
[CV] END model__bootstrap=True, model__criterion=squared_error, model__max_depth=8, model__max_features=sqrt, model__min_samples_leaf=1, model__min_samples_split=10, model__n_estimators=800; total time=  48.4s
[CV] END model__bootstrap=False, model__criterion=squared_error, model__max_depth=32, model__max_features=0.7, model__min_samples_leaf=2, model__min_samples_split=10, model__n_estimators=500; total time= 1.6min
[CV] END model__bootstrap=False, model__criterion=squared_error, model__max_depth=32, model__max_features=0.7, model__min_samples_leaf=2, model__min_samples_split=10, model__n_estimators=500; total time= 6.8min
[CV] END model__bootstrap=True, model__criterion=squared_error, model__max_depth=None, model__max_features=0.5, model__min_samples_leaf=4, model__min_samples_split=5, model__n_estimators=800; total time= 7.0min
[CV] END model__bootstrap=False, model__criterion=squared_error, model__max_depth=12, model__max_features=sqrt, model__min_samples_leaf=8, model__min_samples_split=20, model__n_estimators=1200; total time= 2.9min
[CV] END model__bootstrap=False, model__criterion=squared_error, model__max_depth=18, model__max_features=0.5, model__min_samples_leaf=2, model__min_samples_split=5, model__n_estimators=500; total time= 5.5min
[CV] END model__bootstrap=True, model__criterion=squared_error, model__max_depth=32, model__max_features=0.7, model__min_samples_leaf=2, model__min_samples_split=2, model__n_estimators=1200; total time=11.6min
[CV] END model__bootstrap=False, model__criterion=squared_error, model__max_depth=None, model__max_features=0.5, model__min_samples_leaf=2, model__min_samples_split=2, model__n_estimators=800; total time= 7.6min
[CV] END model__bootstrap=False, model__criterion=squared_error, model__max_depth=24, model__max_features=1.0, model__min_samples_leaf=8, model__min_samples_split=20, model__n_estimators=500; total time= 5.4min
[CV] END model__bootstrap=True, model__criterion=squared_error, model__max_depth=8, model__max_features=sqrt, model__min_samples_leaf=1, model__min_samples_split=20, model__n_estimators=800; total time=   1.0s
[CV] END model__bootstrap=True, model__criterion=squared_error, model__max_depth=8, model__max_features=sqrt, model__min_samples_leaf=1, model__min_samples_split=20, model__n_estimators=800; total time=   1.5s
[CV] END model__bootstrap=True, model__criterion=squared_error, model__max_depth=8, model__max_features=sqrt, model__min_samples_leaf=1, model__min_samples_split=20, model__n_estimators=800; total time=   2.1s
[CV] END model__bootstrap=True, model__criterion=squared_error, model__max_depth=8, model__max_features=sqrt, model__min_samples_leaf=1, model__min_samples_split=20, model__n_estimators=800; total time=   3.0s
[CV] END model__bootstrap=True, model__criterion=squared_error, model__max_depth=8, model__max_features=sqrt, model__min_samples_leaf=1, model__min_samples_split=20, model__n_estimators=800; total time=   5.8s
[CV] END model__bootstrap=True, model__criterion=squared_error, model__max_depth=8, model__max_features=sqrt, model__min_samples_leaf=1, model__min_samples_split=20, model__n_estimators=800; total time=   9.0s
[CV] END model__bootstrap=True, model__criterion=squared_error, model__max_depth=8, model__max_features=sqrt, model__min_samples_leaf=1, model__min_samples_split=20, model__n_estimators=800; total time=  12.8s
[CV] END model__bootstrap=True, model__criterion=squared_error, model__max_depth=8, model__max_features=sqrt, model__min_samples_leaf=1, model__min_samples_split=20, model__n_estimators=800; total time=  19.1s
[CV] END model__bootstrap=True, model__criterion=squared_error, model__max_depth=8, model__max_features=sqrt, model__min_samples_leaf=1, model__min_samples_split=20, model__n_estimators=800; total time=  24.4s
[CV] END model__bootstrap=True, model__criterion=squared_error, model__max_depth=8, model__max_features=sqrt, model__min_samples_leaf=1, model__min_samples_split=20, model__n_estimators=800; total time=  28.4s
[CV] END model__bootstrap=True, model__criterion=squared_error, model__max_depth=8, model__max_features=sqrt, model__min_samples_leaf=1, model__min_samples_split=20, model__n_estimators=800; total time=  45.0s
[CV] END model__bootstrap=True, model__criterion=squared_error, model__max_depth=8, model__max_features=sqrt, model__min_samples_leaf=1, model__min_samples_split=20, model__n_estimators=800; total time=  58.9s
[CV] END model__bootstrap=False, model__criterion=squared_error, model__max_depth=24, model__max_features=sqrt, model__min_samples_leaf=1, model__min_samples_split=5, model__n_estimators=800; total time=  13.6s
[CV] END model__bootstrap=False, model__criterion=squared_error, model__max_depth=24, model__max_features=sqrt, model__min_samples_leaf=1, model__min_samples_split=5, model__n_estimators=800; total time=  22.8s
[CV] END model__bootstrap=False, model__criterion=squared_error, model__max_depth=24, model__max_features=sqrt, model__min_samples_leaf=1, model__min_samples_split=5, model__n_estimators=800; total time= 1.1min
[CV] END model__bootstrap=False, model__criterion=squared_error, model__max_depth=24, model__max_features=sqrt, model__min_samples_leaf=1, model__min_samples_split=5, model__n_estimators=800; total time= 2.2min
[CV] END model__bootstrap=False, model__criterion=squared_error, model__max_depth=24, model__max_features=sqrt, model__min_samples_leaf=2, model__min_samples_split=20, model__n_estimators=1200; total time= 1.3min
[CV] END model__bootstrap=False, model__criterion=squared_error, model__max_depth=24, model__max_features=sqrt, model__min_samples_leaf=2, model__min_samples_split=20, model__n_estimators=1200; total time= 3.7min
[CV] END model__bootstrap=False, model__criterion=squared_error, model__max_depth=32, model__max_features=0.7, model__min_samples_leaf=4, model__min_samples_split=2, model__n_estimators=500; total time= 3.3min
[CV] END model__bootstrap=True, model__criterion=squared_error, model__max_depth=8, model__max_features=1.0, model__min_samples_leaf=1, model__min_samples_split=10, model__n_estimators=500; total time=   0.9s
[CV] END model__bootstrap=True, model__criterion=squared_error, model__max_depth=8, model__max_features=1.0, model__min_samples_leaf=1, model__min_samples_split=10, model__n_estimators=500; total time=   3.0s
[CV] END model__bootstrap=True, model__criterion=squared_error, model__max_depth=8, model__max_features=1.0, model__min_samples_leaf=1, model__min_samples_split=10, model__n_estimators=500; total time=   6.0s
[CV] END model__bootstrap=True, model__criterion=squared_error, model__max_depth=8, model__max_features=1.0, model__min_samples_leaf=1, model__min_samples_split=10, model__n_estimators=500; total time=  11.1s
[CV] END model__bootstrap=True, model__criterion=squared_error, model__max_depth=8, model__max_features=1.0, model__min_samples_leaf=1, model__min_samples_split=10, model__n_estimators=500; total time=  22.9s
[CV] END model__bootstrap=True, model__criterion=squared_error, model__max_depth=8, model__max_features=1.0, model__min_samples_leaf=1, model__min_samples_split=10, model__n_estimators=500; total time=  40.1s
[CV] END model__bootstrap=True, model__criterion=squared_error, model__max_depth=8, model__max_features=1.0, model__min_samples_leaf=1, model__min_samples_split=10, model__n_estimators=500; total time= 1.4min
[CV] END model__bootstrap=True, model__criterion=squared_error, model__max_depth=8, model__max_features=1.0, model__min_samples_leaf=1, model__min_samples_split=10, model__n_estimators=500; total time= 2.6min
[CV] END model__bootstrap=True, model__criterion=squared_error, model__max_depth=8, model__max_features=sqrt, model__min_samples_leaf=1, model__min_samples_split=10, model__n_estimators=800; total time=   0.7s
[CV] END model__bootstrap=True, model__criterion=squared_error, model__max_depth=8, model__max_features=sqrt, model__min_samples_leaf=1, model__min_samples_split=10, model__n_estimators=800; total time=   1.2s
[CV] END model__bootstrap=True, model__criterion=squared_error, model__max_depth=8, model__max_features=sqrt, model__min_samples_leaf=1, model__min_samples_split=10, model__n_estimators=800; total time=   1.7s
[CV] END model__bootstrap=True, model__criterion=squared_error, model__max_depth=8, model__max_features=sqrt, model__min_samples_leaf=1, model__min_samples_split=10, model__n_estimators=800; total time=   2.5s
[CV] END model__bootstrap=True, model__criterion=squared_error, model__max_depth=8, model__max_features=sqrt, model__min_samples_leaf=1, model__min_samples_split=10, model__n_estimators=800; total time=   4.9s
[CV] END model__bootstrap=True, model__criterion=squared_error, model__max_depth=8, model__max_features=sqrt, model__min_samples_leaf=1, model__min_samples_split=10, model__n_estimators=800; total time=   7.9s
[CV] END model__bootstrap=True, model__criterion=squared_error, model__max_depth=8, model__max_features=sqrt, model__min_samples_leaf=1, model__min_samples_split=10, model__n_estimators=800; total time=  11.4s
[CV] END model__bootstrap=True, model__criterion=squared_error, model__max_depth=8, model__max_features=sqrt, model__min_samples_leaf=1, model__min_samples_split=10, model__n_estimators=800; total time=  15.4s
[CV] END model__bootstrap=True, model__criterion=squared_error, model__max_depth=8, model__max_features=sqrt, model__min_samples_leaf=1, model__min_samples_split=10, model__n_estimators=800; total time=  24.4s
[CV] END model__bootstrap=True, model__criterion=squared_error, model__max_depth=8, model__max_features=sqrt, model__min_samples_leaf=1, model__min_samples_split=10, model__n_estimators=800; total time=  39.2s
[CV] END model__bootstrap=False, model__criterion=squared_error, model__max_depth=32, model__max_features=0.7, model__min_samples_leaf=2, model__min_samples_split=10, model__n_estimators=500; total time=   0.6s
[CV] END model__bootstrap=False, model__criterion=squared_error, model__max_depth=32, model__max_features=0.7, model__min_samples_leaf=2, model__min_samples_split=10, model__n_estimators=500; total time=   3.0s
[CV] END model__bootstrap=False, model__criterion=squared_error, model__max_depth=32, model__max_features=0.7, model__min_samples_leaf=2, model__min_samples_split=10, model__n_estimators=500; total time=   6.9s
[CV] END model__bootstrap=False, model__criterion=squared_error, model__max_depth=32, model__max_features=0.7, model__min_samples_leaf=2, model__min_samples_split=10, model__n_estimators=500; total time=  13.8s
[CV] END model__bootstrap=False, model__criterion=squared_error, model__max_depth=32, model__max_features=0.7, model__min_samples_leaf=2, model__min_samples_split=10, model__n_estimators=500; total time=  59.8s
[CV] END model__bootstrap=False, model__criterion=squared_error, model__max_depth=32, model__max_features=0.7, model__min_samples_leaf=2, model__min_samples_split=10, model__n_estimators=500; total time= 6.1min
[CV] END model__bootstrap=True, model__criterion=squared_error, model__max_depth=None, model__max_features=0.5, model__min_samples_leaf=4, model__min_samples_split=5, model__n_estimators=800; total time= 5.7min
[CV] END model__bootstrap=False, model__criterion=squared_error, model__max_depth=None, model__max_features=0.5, model__min_samples_leaf=4, model__min_samples_split=10, model__n_estimators=300; total time= 4.1min
[CV] END model__bootstrap=False, model__criterion=squared_error, model__max_depth=18, model__max_features=0.5, model__min_samples_leaf=2, model__min_samples_split=5, model__n_estimators=500; total time= 1.3min
[CV] END model__bootstrap=False, model__criterion=squared_error, model__max_depth=18, model__max_features=0.5, model__min_samples_leaf=2, model__min_samples_split=5, model__n_estimators=500; total time= 4.8min
[CV] END model__bootstrap=True, model__criterion=squared_error, model__max_depth=32, model__max_features=0.7, model__min_samples_leaf=2, model__min_samples_split=2, model__n_estimators=1200; total time= 8.8min
[CV] END model__bootstrap=False, model__criterion=squared_error, model__max_depth=None, model__max_features=0.5, model__min_samples_leaf=2, model__min_samples_split=2, model__n_estimators=800; total time= 4.3min
[CV] END model__bootstrap=False, model__criterion=squared_error, model__max_depth=None, model__max_features=0.5, model__min_samples_leaf=2, model__min_samples_split=2, model__n_estimators=800; total time= 8.6min
[CV] END model__bootstrap=False, model__criterion=squared_error, model__max_depth=24, model__max_features=1.0, model__min_samples_leaf=8, model__min_samples_split=20, model__n_estimators=500; total time= 8.0min[CV] END model__bootstrap=False, model__criterion=squared_error, model__max_depth=24, model__max_features=0.7, model__min_samples_leaf=1, model__min_samples_split=10, model__n_estimators=300; total time=   9.8s
[CV] END model__bootstrap=False, model__criterion=squared_error, model__max_depth=24, model__max_features=0.7, model__min_samples_leaf=1, model__min_samples_split=10, model__n_estimators=300; total time= 3.7min
[CV] END model__bootstrap=False, model__criterion=squared_error, model__max_depth=None, model__max_features=1.0, model__min_samples_leaf=2, model__min_samples_split=20, model__n_estimators=300; total time= 3.4min
[CV] END model__bootstrap=False, model__criterion=squared_error, model__max_depth=18, model__max_features=1.0, model__min_samples_leaf=4, model__min_samples_split=2, model__n_estimators=300; total time=  13.0s
[CV] END model__bootstrap=False, model__criterion=squared_error, model__max_depth=18, model__max_features=1.0, model__min_samples_leaf=4, model__min_samples_split=2, model__n_estimators=300; total time=  55.3s
[CV] END model__bootstrap=False, model__criterion=squared_error, model__max_depth=18, model__max_features=1.0, model__min_samples_leaf=4, model__min_samples_split=2, model__n_estimators=300; total time= 2.7min
[CV] END model__bootstrap=False, model__criterion=squared_error, model__max_depth=18, model__max_features=1.0, model__min_samples_leaf=4, model__min_samples_split=2, model__n_estimators=300; total time= 6.0min
[CV] END model__bootstrap=True, model__criterion=squared_error, model__max_depth=None, model__max_features=1.0, model__min_samples_leaf=1, model__min_samples_split=2, model__n_estimators=800; total time=10.8min
[CV] END model__bootstrap=True, model__criterion=squared_error, model__max_depth=None, model__max_features=1.0, model__min_samples_leaf=8, model__min_samples_split=2, model__n_estimators=300; total time= 4.4min
[CV] END model__bootstrap=False, model__criterion=squared_error, model__max_depth=24, model__max_features=1.0, model__min_samples_leaf=4, model__min_samples_split=5, model__n_estimators=300; total time= 5.1min
[CV] END model__bootstrap=False, model__criterion=squared_error, model__max_depth=8, model__max_features=1.0, model__min_samples_leaf=2, model__min_samples_split=5, model__n_estimators=1200; total time= 4.9min
[CV] END model__bootstrap=False, model__criterion=squared_error, model__max_depth=8, model__max_features=1.0, model__min_samples_leaf=2, model__min_samples_split=5, model__n_estimators=1200; total time=16.4min
[CV] END model__bootstrap=False, model__criterion=squared_error, model__max_depth=8, model__max_features=0.5, model__min_samples_leaf=8, model__min_samples_split=5, model__n_estimators=800; total time=  56.6s
[CV] END model__bootstrap=False, model__criterion=squared_error, model__max_depth=8, model__max_features=0.5, model__min_samples_leaf=8, model__min_samples_split=5, model__n_estimators=800; total time= 2.2min
[CV] END model__bootstrap=False, model__criterion=squared_error, model__max_depth=8, model__max_features=0.5, model__min_samples_leaf=8, model__min_samples_split=5, model__n_estimators=800; total time= 5.5min
[CV] END model__bootstrap=False, model__criterion=squared_error, model__max_depth=24, model__max_features=sqrt, model__min_samples_leaf=2, model__min_samples_split=20, model__n_estimators=1200; total time= 1.7min
[CV] END model__bootstrap=True, model__criterion=squared_error, model__max_depth=12, model__max_features=sqrt, model__min_samples_leaf=2, model__min_samples_split=5, model__n_estimators=1200; total time=  18.1s
[CV] END model__bootstrap=True, model__criterion=squared_error, model__max_depth=12, model__max_features=sqrt, model__min_samples_leaf=2, model__min_samples_split=5, model__n_estimators=1200; total time=  35.4s
[CV] END model__bootstrap=True, model__criterion=squared_error, model__max_depth=12, model__max_features=sqrt, model__min_samples_leaf=2, model__min_samples_split=5, model__n_estimators=1200; total time= 1.1min
[CV] END model__bootstrap=True, model__criterion=squared_error, model__max_depth=12, model__max_features=sqrt, model__min_samples_leaf=2, model__min_samples_split=5, model__n_estimators=1200; total time= 2.0min
[CV] END model__bootstrap=False, model__criterion=squared_error, model__max_depth=32, model__max_features=0.7, model__min_samples_leaf=4, model__min_samples_split=2, model__n_estimators=500; total time= 7.6min
[CV] END model__bootstrap=True, model__criterion=squared_error, model__max_depth=8, model__max_features=1.0, model__min_samples_leaf=1, model__min_samples_split=10, model__n_estimators=500; total time= 4.2min
[CV] END model__bootstrap=False, model__criterion=squared_error, model__max_depth=32, model__max_features=0.7, model__min_samples_leaf=2, model__min_samples_split=10, model__n_estimators=500; total time= 7.8min
[CV] END model__bootstrap=False, model__criterion=squared_error, model__max_depth=None, model__max_features=0.5, model__min_samples_leaf=4, model__min_samples_split=10, model__n_estimators=300; total time=  30.2s
[CV] END model__bootstrap=False, model__criterion=squared_error, model__max_depth=None, model__max_features=0.5, model__min_samples_leaf=4, model__min_samples_split=10, model__n_estimators=300; total time= 1.2min
[CV] END model__bootstrap=False, model__criterion=squared_error, model__max_depth=None, model__max_features=0.5, model__min_samples_leaf=4, model__min_samples_split=10, model__n_estimators=300; total time= 2.6min
[CV] END model__bootstrap=False, model__criterion=squared_error, model__max_depth=12, model__max_features=sqrt, model__min_samples_leaf=8, model__min_samples_split=20, model__n_estimators=1200; total time=  36.1s
[CV] END model__bootstrap=False, model__criterion=squared_error, model__max_depth=12, model__max_features=sqrt, model__min_samples_leaf=8, model__min_samples_split=20, model__n_estimators=1200; total time= 1.4min
[CV] END model__bootstrap=False, model__criterion=squared_error, model__max_depth=12, model__max_features=sqrt, model__min_samples_leaf=8, model__min_samples_split=20, model__n_estimators=1200; total time= 3.0min
[CV] END model__bootstrap=False, model__criterion=squared_error, model__max_depth=18, model__max_features=0.5, model__min_samples_leaf=2, model__min_samples_split=5, model__n_estimators=500; total time= 6.4min
[CV] END model__bootstrap=True, model__criterion=squared_error, model__max_depth=32, model__max_features=0.7, model__min_samples_leaf=2, model__min_samples_split=2, model__n_estimators=1200; total time=15.0min
[CV] END model__bootstrap=False, model__criterion=squared_error, model__max_depth=24, model__max_features=1.0, model__min_samples_leaf=8, model__min_samples_split=20, model__n_estimators=500; total time=   0.8s
[CV] END model__bootstrap=False, model__criterion=squared_error, model__max_depth=24, model__max_features=1.0, model__min_samples_leaf=8, model__min_samples_split=20, model__n_estimators=500; total time=   3.8s
[CV] END model__bootstrap=False, model__criterion=squared_error, model__max_depth=24, model__max_features=1.0, model__min_samples_leaf=8, model__min_samples_split=20, model__n_estimators=500; total time=   9.5s
[CV] END model__bootstrap=False, model__criterion=squared_error, model__max_depth=24, model__max_features=1.0, model__min_samples_leaf=8, model__min_samples_split=20, model__n_estimators=500; total time=  18.8s
[CV] END model__bootstrap=False, model__criterion=squared_error, model__max_depth=24, model__max_features=1.0, model__min_samples_leaf=8, model__min_samples_split=20, model__n_estimators=500; total time= 1.4min
[CV] END model__bootstrap=False, model__criterion=squared_error, model__max_depth=24, model__max_features=1.0, model__min_samples_leaf=8, model__min_samples_split=20, model__n_estimators=500; total time= 4.3min
[CV] END model__bootstrap=False, model__criterion=squared_error, model__max_depth=24, model__max_features=1.0, model__min_samples_leaf=8, model__min_samples_split=20, model__n_estimators=500; total time=11.4min
[CV] END model__bootstrap=False, model__criterion=squared_error, model__max_depth=18, model__max_features=0.5, model__min_samples_leaf=2, model__min_samples_split=2, model__n_estimators=1200; total time=14.5min
[CV] END model__bootstrap=True, model__criterion=squared_error, model__max_depth=12, model__max_features=sqrt, model__min_samples_leaf=2, model__min_samples_split=5, model__n_estimators=1200; total time= 1.3min
[CV] END model__bootstrap=False, model__criterion=squared_error, model__max_depth=32, model__max_features=0.7, model__min_samples_leaf=4, model__min_samples_split=2, model__n_estimators=500; total time=  36.2s
[CV] END model__bootstrap=False, model__criterion=squared_error, model__max_depth=32, model__max_features=0.7, model__min_samples_leaf=4, model__min_samples_split=2, model__n_estimators=500; total time= 4.2min
[CV] END model__bootstrap=True, model__criterion=squared_error, model__max_depth=8, model__max_features=1.0, model__min_samples_leaf=1, model__min_samples_split=10, model__n_estimators=500; total time=  59.2s
[CV] END model__bootstrap=True, model__criterion=squared_error, model__max_depth=8, model__max_features=1.0, model__min_samples_leaf=1, model__min_samples_split=10, model__n_estimators=500; total time= 2.2min
[CV] END model__bootstrap=True, model__criterion=squared_error, model__max_depth=8, model__max_features=1.0, model__min_samples_leaf=1, model__min_samples_split=10, model__n_estimators=500; total time= 3.6min
[CV] END model__bootstrap=False, model__criterion=squared_error, model__max_depth=32, model__max_features=0.7, model__min_samples_leaf=2, model__min_samples_split=10, model__n_estimators=500; total time= 2.2min
[CV] END model__bootstrap=False, model__criterion=squared_error, model__max_depth=32, model__max_features=0.7, model__min_samples_leaf=2, model__min_samples_split=10, model__n_estimators=500; total time= 8.6min
[CV] END model__bootstrap=False, model__criterion=squared_error, model__max_depth=None, model__max_features=0.5, model__min_samples_leaf=4, model__min_samples_split=10, model__n_estimators=300; total time= 2.2min
[CV] END model__bootstrap=False, model__criterion=squared_error, model__max_depth=12, model__max_features=sqrt, model__min_samples_leaf=8, model__min_samples_split=20, model__n_estimators=1200; total time=   1.0s
[CV] END model__bootstrap=False, model__criterion=squared_error, model__max_depth=12, model__max_features=sqrt, model__min_samples_leaf=8, model__min_samples_split=20, model__n_estimators=1200; total time=   2.2s
[CV] END model__bootstrap=False, model__criterion=squared_error, model__max_depth=12, model__max_features=sqrt, model__min_samples_leaf=8, model__min_samples_split=20, model__n_estimators=1200; total time=   3.7s
[CV] END model__bootstrap=False, model__criterion=squared_error, model__max_depth=12, model__max_features=sqrt, model__min_samples_leaf=8, model__min_samples_split=20, model__n_estimators=1200; total time=   6.7s
[CV] END model__bootstrap=False, model__criterion=squared_error, model__max_depth=12, model__max_features=sqrt, model__min_samples_leaf=8, model__min_samples_split=20, model__n_estimators=1200; total time=  14.4s
[CV] END model__bootstrap=False, model__criterion=squared_error, model__max_depth=12, model__max_features=sqrt, model__min_samples_leaf=8, model__min_samples_split=20, model__n_estimators=1200; total time=  24.3s
[CV] END model__bootstrap=False, model__criterion=squared_error, model__max_depth=12, model__max_features=sqrt, model__min_samples_leaf=8, model__min_samples_split=20, model__n_estimators=1200; total time=  50.3s
[CV] END model__bootstrap=False, model__criterion=squared_error, model__max_depth=12, model__max_features=sqrt, model__min_samples_leaf=8, model__min_samples_split=20, model__n_estimators=1200; total time= 2.0min
[CV] END model__bootstrap=False, model__criterion=squared_error, model__max_depth=18, model__max_features=0.5, model__min_samples_leaf=2, model__min_samples_split=5, model__n_estimators=500; total time= 1.8min
[CV] END model__bootstrap=False, model__criterion=squared_error, model__max_depth=18, model__max_features=0.5, model__min_samples_leaf=2, model__min_samples_split=5, model__n_estimators=500; total time= 6.1min
[CV] END model__bootstrap=True, model__criterion=squared_error, model__max_depth=32, model__max_features=0.7, model__min_samples_leaf=2, model__min_samples_split=2, model__n_estimators=1200; total time=13.5min
[CV] END model__bootstrap=False, model__criterion=squared_error, model__max_depth=None, model__max_features=0.5, model__min_samples_leaf=2, model__min_samples_split=2, model__n_estimators=800; total time=11.6min
[CV] END model__bootstrap=True, model__criterion=squared_error, model__max_depth=8, model__max_features=sqrt, model__min_samples_leaf=1, model__min_samples_split=20, model__n_estimators=800; total time=  33.6s
[CV] END model__bootstrap=True, model__criterion=squared_error, model__max_depth=8, model__max_features=sqrt, model__min_samples_leaf=1, model__min_samples_split=20, model__n_estimators=800; total time=  50.8s
[CV] END model__bootstrap=False, model__criterion=squared_error, model__max_depth=18, model__max_features=0.5, model__min_samples_leaf=2, model__min_samples_split=2, model__n_estimators=1200; total time=   1.8s
[CV] END model__bootstrap=False, model__criterion=squared_error, model__max_depth=18, model__max_features=0.5, model__min_samples_leaf=2, model__min_samples_split=2, model__n_estimators=1200; total time=   7.5s
[CV] END model__bootstrap=False, model__criterion=squared_error, model__max_depth=18, model__max_features=0.5, model__min_samples_leaf=2, model__min_samples_split=2, model__n_estimators=1200; total time=  16.7s
[CV] END model__bootstrap=False, model__criterion=squared_error, model__max_depth=18, model__max_features=0.5, model__min_samples_leaf=2, model__min_samples_split=2, model__n_estimators=1200; total time= 1.2min
[CV] END model__bootstrap=False, model__criterion=squared_error, model__max_depth=18, model__max_features=0.5, model__min_samples_leaf=2, model__min_samples_split=2, model__n_estimators=1200; total time= 5.8min
[CV] END model__bootstrap=False, model__criterion=squared_error, model__max_depth=18, model__max_features=0.5, model__min_samples_leaf=2, model__min_samples_split=2, model__n_estimators=1200; total time=15.3min
[CV] END model__bootstrap=True, model__criterion=squared_error, model__max_depth=12, model__max_features=0.5, model__min_samples_leaf=1, model__min_samples_split=5, model__n_estimators=800; total time= 3.8min
[CV] END model__bootstrap=False, model__criterion=squared_error, model__max_depth=32, model__max_features=1.0, model__min_samples_leaf=1, model__min_samples_split=2, model__n_estimators=800; total time= 9.4min
[CV] END model__bootstrap=False, model__criterion=squared_error, model__max_depth=18, model__max_features=0.7, model__min_samples_leaf=4, model__min_samples_split=5, model__n_estimators=300; total time=   0.5s
[CV] END model__bootstrap=False, model__criterion=squared_error, model__max_depth=18, model__max_features=0.7, model__min_samples_leaf=4, model__min_samples_split=5, model__n_estimators=300; total time=   2.0s
[CV] END model__bootstrap=False, model__criterion=squared_error, model__max_depth=18, model__max_features=0.7, model__min_samples_leaf=4, model__min_samples_split=5, model__n_estimators=300; total time=   4.9s
[CV] END model__bootstrap=False, model__criterion=squared_error, model__max_depth=18, model__max_features=0.7, model__min_samples_leaf=4, model__min_samples_split=5, model__n_estimators=300; total time=   9.3s
[CV] END model__bootstrap=False, model__criterion=squared_error, model__max_depth=18, model__max_features=0.7, model__min_samples_leaf=4, model__min_samples_split=5, model__n_estimators=300; total time=  20.8s
[CV] END model__bootstrap=False, model__criterion=squared_error, model__max_depth=18, model__max_features=0.7, model__min_samples_leaf=4, model__min_samples_split=5, model__n_estimators=300; total time=  38.8s
[CV] END model__bootstrap=False, model__criterion=squared_error, model__max_depth=18, model__max_features=0.7, model__min_samples_leaf=4, model__min_samples_split=5, model__n_estimators=300; total time= 1.0min
[CV] END model__bootstrap=False, model__criterion=squared_error, model__max_depth=18, model__max_features=0.7, model__min_samples_leaf=4, model__min_samples_split=5, model__n_estimators=300; total time= 1.4min[CV] END model__bootstrap=False, model__criterion=squared_error, model__max_depth=24, model__max_features=0.7, model__min_samples_leaf=1, model__min_samples_split=10, model__n_estimators=300; total time= 1.1min
[CV] END model__bootstrap=False, model__criterion=squared_error, model__max_depth=24, model__max_features=0.7, model__min_samples_leaf=1, model__min_samples_split=10, model__n_estimators=300; total time= 5.3min
[CV] END model__bootstrap=False, model__criterion=squared_error, model__max_depth=None, model__max_features=1.0, model__min_samples_leaf=2, model__min_samples_split=20, model__n_estimators=300; total time= 7.6min
[CV] END model__bootstrap=True, model__criterion=squared_error, model__max_depth=None, model__max_features=1.0, model__min_samples_leaf=1, model__min_samples_split=2, model__n_estimators=800; total time= 2.1min
[CV] END model__bootstrap=True, model__criterion=squared_error, model__max_depth=None, model__max_features=1.0, model__min_samples_leaf=1, model__min_samples_split=2, model__n_estimators=800; total time= 7.7min
[CV] END model__bootstrap=True, model__criterion=squared_error, model__max_depth=None, model__max_features=1.0, model__min_samples_leaf=8, model__min_samples_split=2, model__n_estimators=300; total time= 1.7min
[CV] END model__bootstrap=True, model__criterion=squared_error, model__max_depth=None, model__max_features=1.0, model__min_samples_leaf=8, model__min_samples_split=2, model__n_estimators=300; total time= 3.0min
[CV] END model__bootstrap=True, model__criterion=squared_error, model__max_depth=None, model__max_features=1.0, model__min_samples_leaf=8, model__min_samples_split=2, model__n_estimators=300; total time= 4.6min
[CV] END model__bootstrap=False, model__criterion=squared_error, model__max_depth=24, model__max_features=1.0, model__min_samples_leaf=4, model__min_samples_split=5, model__n_estimators=300; total time= 5.7min
[CV] END model__bootstrap=False, model__criterion=squared_error, model__max_depth=8, model__max_features=1.0, model__min_samples_leaf=2, model__min_samples_split=5, model__n_estimators=1200; total time= 9.4min
[CV] END model__bootstrap=False, model__criterion=squared_error, model__max_depth=8, model__max_features=1.0, model__min_samples_leaf=4, model__min_samples_split=20, model__n_estimators=300; total time= 2.3min
[CV] END model__bootstrap=False, model__criterion=squared_error, model__max_depth=8, model__max_features=1.0, model__min_samples_leaf=4, model__min_samples_split=20, model__n_estimators=300; total time= 3.6min
[CV] END model__bootstrap=False, model__criterion=squared_error, model__max_depth=8, model__max_features=0.5, model__min_samples_leaf=2, model__min_samples_split=2, model__n_estimators=800; total time= 2.2min
[CV] END model__bootstrap=False, model__criterion=squared_error, model__max_depth=8, model__max_features=0.5, model__min_samples_leaf=2, model__min_samples_split=2, model__n_estimators=800; total time= 5.9min
[CV] END model__bootstrap=False, model__criterion=squared_error, model__max_depth=8, model__max_features=0.5, model__min_samples_leaf=8, model__min_samples_split=5, model__n_estimators=800; total time= 5.7min
[CV] END model__bootstrap=False, model__criterion=squared_error, model__max_depth=24, model__max_features=sqrt, model__min_samples_leaf=2, model__min_samples_split=20, model__n_estimators=1200; total time= 2.8min
[CV] END model__bootstrap=True, model__criterion=squared_error, model__max_depth=12, model__max_features=sqrt, model__min_samples_leaf=2, model__min_samples_split=5, model__n_estimators=1200; total time= 1.9min
[CV] END model__bootstrap=False, model__criterion=squared_error, model__max_depth=32, model__max_features=0.7, model__min_samples_leaf=4, model__min_samples_split=2, model__n_estimators=500; total time= 6.0min
[CV] END model__bootstrap=True, model__criterion=squared_error, model__max_depth=8, model__max_features=1.0, model__min_samples_leaf=1, model__min_samples_split=10, model__n_estimators=500; total time= 2.9min
[CV] END model__bootstrap=True, model__criterion=squared_error, model__max_depth=8, model__max_features=sqrt, model__min_samples_leaf=1, model__min_samples_split=10, model__n_estimators=800; total time=  19.9s
[CV] END model__bootstrap=True, model__criterion=squared_error, model__max_depth=8, model__max_features=sqrt, model__min_samples_leaf=1, model__min_samples_split=10, model__n_estimators=800; total time=  34.5s
[CV] END model__bootstrap=True, model__criterion=squared_error, model__max_depth=8, model__max_features=sqrt, model__min_samples_leaf=1, model__min_samples_split=10, model__n_estimators=800; total time=  50.8s
[CV] END model__bootstrap=False, model__criterion=squared_error, model__max_depth=32, model__max_features=0.7, model__min_samples_leaf=2, model__min_samples_split=10, model__n_estimators=500; total time= 3.7min
[CV] END model__bootstrap=True, model__criterion=squared_error, model__max_depth=None, model__max_features=0.5, model__min_samples_leaf=4, model__min_samples_split=5, model__n_estimators=800; total time= 1.1min
[CV] END model__bootstrap=True, model__criterion=squared_error, model__max_depth=None, model__max_features=0.5, model__min_samples_leaf=4, model__min_samples_split=5, model__n_estimators=800; total time= 2.7min
[CV] END model__bootstrap=True, model__criterion=squared_error, model__max_depth=None, model__max_features=0.5, model__min_samples_leaf=4, model__min_samples_split=5, model__n_estimators=800; total time= 6.5min
[CV] END model__bootstrap=False, model__criterion=squared_error, model__max_depth=12, model__max_features=sqrt, model__min_samples_leaf=8, model__min_samples_split=20, model__n_estimators=1200; total time= 1.1min
[CV] END model__bootstrap=False, model__criterion=squared_error, model__max_depth=12, model__max_features=sqrt, model__min_samples_leaf=8, model__min_samples_split=20, model__n_estimators=1200; total time= 2.3min
[CV] END model__bootstrap=False, model__criterion=squared_error, model__max_depth=18, model__max_features=0.5, model__min_samples_leaf=2, model__min_samples_split=5, model__n_estimators=500; total time= 3.6min
[CV] END model__bootstrap=True, model__criterion=squared_error, model__max_depth=32, model__max_features=0.7, model__min_samples_leaf=2, model__min_samples_split=2, model__n_estimators=1200; total time= 3.1min
[CV] END model__bootstrap=True, model__criterion=squared_error, model__max_depth=32, model__max_features=0.7, model__min_samples_leaf=2, model__min_samples_split=2, model__n_estimators=1200; total time=11.9min
[CV] END model__bootstrap=False, model__criterion=squared_error, model__max_depth=None, model__max_features=0.5, model__min_samples_leaf=2, model__min_samples_split=2, model__n_estimators=800; total time= 9.8min
[CV] END model__bootstrap=False, model__criterion=squared_error, model__max_depth=24, model__max_features=1.0, model__min_samples_leaf=8, model__min_samples_split=20, model__n_estimators=500; total time=10.0min
[CV] END model__bootstrap=False, model__criterion=squared_error, model__max_depth=18, model__max_features=0.5, model__min_samples_leaf=2, model__min_samples_split=2, model__n_estimators=1200; total time=11.4min
[CV] END model__bootstrap=True, model__criterion=squared_error, model__max_depth=24, model__max_features=0.5, model__min_samples_leaf=2, model__min_samples_split=5, model__n_estimators=800; total time= 6.9min
[CV] END model__bootstrap=True, model__criterion=squared_error, model__max_depth=12, model__max_features=0.5, model__min_samples_leaf=1, model__min_samples_split=5, model__n_estimators=800; total time= 4.9min
[CV] END model__bootstrap=False, model__criterion=squared_error, model__max_depth=32, model__max_features=1.0, model__min_samples_leaf=1, model__min_samples_split=2, model__n_estimators=800; total time=16.7min
[CV] END model__bootstrap=False, model__criterion=squared_error, model__max_depth=18, model__max_features=0.7, model__min_samples_leaf=4, model__min_samples_split=5, model__n_estimators=300; total time= 5.1min
[CV] END model__bootstrap=False, model__criterion=squared_error, model__max_depth=32, model__max_features=0.7, model__min_samples_leaf=4, model__min_samples_split=20, model__n_estimators=1200; total time=11.3min
[CV] END model__bootstrap=True, model__criterion=squared_error, model__max_depth=8, model__max_features=1.0, model__min_samples_leaf=1, model__min_samples_split=10, model__n_estimators=500; total time= 3.2min
[CV] END model__bootstrap=True, model__criterion=squared_error, model__max_depth=8, model__max_features=sqrt, model__min_samples_leaf=1, model__min_samples_split=10, model__n_estimators=800; total time=  43.2s
[CV] END model__bootstrap=False, model__criterion=squared_error, model__max_depth=32, model__max_features=0.7, model__min_samples_leaf=2, model__min_samples_split=10, model__n_estimators=500; total time=  31.5s
[CV] END model__bootstrap=False, model__criterion=squared_error, model__max_depth=32, model__max_features=0.7, model__min_samples_leaf=2, model__min_samples_split=10, model__n_estimators=500; total time= 4.5min
[CV] END model__bootstrap=True, model__criterion=squared_error, model__max_depth=None, model__max_features=0.5, model__min_samples_leaf=4, model__min_samples_split=5, model__n_estimators=800; total time= 2.1min
[CV] END model__bootstrap=True, model__criterion=squared_error, model__max_depth=None, model__max_features=0.5, model__min_samples_leaf=4, model__min_samples_split=5, model__n_estimators=800; total time= 5.0min
[CV] END model__bootstrap=False, model__criterion=squared_error, model__max_depth=None, model__max_features=0.5, model__min_samples_leaf=4, model__min_samples_split=10, model__n_estimators=300; total time= 3.4min
[CV] END model__bootstrap=False, model__criterion=squared_error, model__max_depth=12, model__max_features=sqrt, model__min_samples_leaf=8, model__min_samples_split=20, model__n_estimators=1200; total time= 2.6min
[CV] END model__bootstrap=False, model__criterion=squared_error, model__max_depth=18, model__max_features=0.5, model__min_samples_leaf=2, model__min_samples_split=5, model__n_estimators=500; total time= 4.2min
[CV] END model__bootstrap=True, model__criterion=squared_error, model__max_depth=32, model__max_features=0.7, model__min_samples_leaf=2, model__min_samples_split=2, model__n_estimators=1200; total time= 5.8min
[CV] END model__bootstrap=False, model__criterion=squared_error, model__max_depth=None, model__max_features=0.5, model__min_samples_leaf=2, model__min_samples_split=2, model__n_estimators=800; total time=   1.3s
[CV] END model__bootstrap=False, model__criterion=squared_error, model__max_depth=None, model__max_features=0.5, model__min_samples_leaf=2, model__min_samples_split=2, model__n_estimators=800; total time=   4.8s
[CV] END model__bootstrap=False, model__criterion=squared_error, model__max_depth=None, model__max_features=0.5, model__min_samples_leaf=2, model__min_samples_split=2, model__n_estimators=800; total time=  11.0s
[CV] END model__bootstrap=False, model__criterion=squared_error, model__max_depth=None, model__max_features=0.5, model__min_samples_leaf=2, model__min_samples_split=2, model__n_estimators=800; total time=  21.3s
[CV] END model__bootstrap=False, model__criterion=squared_error, model__max_depth=None, model__max_features=0.5, model__min_samples_leaf=2, model__min_samples_split=2, model__n_estimators=800; total time=  48.1s
[CV] END model__bootstrap=False, model__criterion=squared_error, model__max_depth=None, model__max_features=0.5, model__min_samples_leaf=2, model__min_samples_split=2, model__n_estimators=800; total time= 1.5min
[CV] END model__bootstrap=False, model__criterion=squared_error, model__max_depth=None, model__max_features=0.5, model__min_samples_leaf=2, model__min_samples_split=2, model__n_estimators=800; total time= 3.3min
[CV] END model__bootstrap=False, model__criterion=squared_error, model__max_depth=None, model__max_features=0.5, model__min_samples_leaf=2, model__min_samples_split=2, model__n_estimators=800; total time= 6.5min
[CV] END model__bootstrap=False, model__criterion=squared_error, model__max_depth=24, model__max_features=1.0, model__min_samples_leaf=8, model__min_samples_split=20, model__n_estimators=500; total time=  43.9s
[CV] END model__bootstrap=False, model__criterion=squared_error, model__max_depth=24, model__max_features=1.0, model__min_samples_leaf=8, model__min_samples_split=20, model__n_estimators=500; total time= 2.3min
[CV] END model__bootstrap=False, model__criterion=squared_error, model__max_depth=24, model__max_features=1.0, model__min_samples_leaf=8, model__min_samples_split=20, model__n_estimators=500; total time= 6.3min
[CV] END model__bootstrap=True, model__criterion=squared_error, model__max_depth=8, model__max_features=sqrt, model__min_samples_leaf=1, model__min_samples_split=20, model__n_estimators=800; total time=  39.6s
[CV] END model__bootstrap=True, model__criterion=squared_error, model__max_depth=8, model__max_features=sqrt, model__min_samples_leaf=1, model__min_samples_split=20, model__n_estimators=800; total time=  56.0s
[CV] END model__bootstrap=False, model__criterion=squared_error, model__max_depth=18, model__max_features=0.5, model__min_samples_leaf=2, model__min_samples_split=2, model__n_estimators=1200; total time=  31.3s
[CV] END model__bootstrap=False, model__criterion=squared_error, model__max_depth=18, model__max_features=0.5, model__min_samples_leaf=2, model__min_samples_split=2, model__n_estimators=1200; total time= 3.2min
[CV] END model__bootstrap=False, model__criterion=squared_error, model__max_depth=18, model__max_features=0.5, model__min_samples_leaf=2, model__min_samples_split=2, model__n_estimators=1200; total time=10.1min
[CV] END model__bootstrap=True, model__criterion=squared_error, model__max_depth=24, model__max_features=0.5, model__min_samples_leaf=2, model__min_samples_split=5, model__n_estimators=800; total time= 4.8min
[CV] END model__bootstrap=True, model__criterion=squared_error, model__max_depth=8, model__max_features=sqrt, model__min_samples_leaf=4, model__min_samples_split=10, model__n_estimators=800; total time=   5.9s
[CV] END model__bootstrap=True, model__criterion=squared_error, model__max_depth=8, model__max_features=sqrt, model__min_samples_leaf=4, model__min_samples_split=10, model__n_estimators=800; total time=  12.5s
[CV] END model__bootstrap=True, model__criterion=squared_error, model__max_depth=8, model__max_features=sqrt, model__min_samples_leaf=4, model__min_samples_split=10, model__n_estimators=800; total time=  22.6s
[CV] END model__bootstrap=True, model__criterion=squared_error, model__max_depth=8, model__max_features=sqrt, model__min_samples_leaf=4, model__min_samples_split=10, model__n_estimators=800; total time=  32.9s
[CV] END model__bootstrap=True, model__criterion=squared_error, model__max_depth=8, model__max_features=sqrt, model__min_samples_leaf=4, model__min_samples_split=10, model__n_estimators=800; total time=  43.9s
[CV] END model__bootstrap=True, model__criterion=squared_error, model__max_depth=8, model__max_features=sqrt, model__min_samples_leaf=4, model__min_samples_split=10, model__n_estimators=800; total time=  56.0s
[CV] END model__bootstrap=True, model__criterion=squared_error, model__max_depth=12, model__max_features=0.5, model__min_samples_leaf=1, model__min_samples_split=5, model__n_estimators=800; total time= 2.0min
[CV] END model__bootstrap=True, model__criterion=squared_error, model__max_depth=12, model__max_features=0.5, model__min_samples_leaf=1, model__min_samples_split=5, model__n_estimators=800; total time= 5.2min
[CV] END model__bootstrap=False, model__criterion=squared_error, model__max_depth=32, model__max_features=1.0, model__min_samples_leaf=1, model__min_samples_split=2, model__n_estimators=800; total time=21.1min
[CV] END model__bootstrap=False, model__criterion=squared_error, model__max_depth=32, model__max_features=0.7, model__min_samples_leaf=4, model__min_samples_split=20, model__n_estimators=1200; total time=13.7min
[CV] END model__bootstrap=False, model__criterion=squared_error, model__max_depth=12, model__max_features=0.5, model__min_samples_leaf=1, model__min_samples_split=2, model__n_estimators=800; total time= 5.1min
[CV] END model__bootstrap=True, model__criterion=squared_error, model__max_depth=None, model__max_features=0.7, model__min_samples_leaf=8, model__min_samples_split=10, model__n_estimators=300; total time=   0.4s
[CV] END model__bootstrap=True, model__criterion=squared_error, model__max_depth=12, model__max_features=0.5, model__min_samples_leaf=1, model__min_samples_split=5, model__n_estimators=800; total time=  25.8s
[CV] END model__bootstrap=True, model__criterion=squared_error, model__max_depth=12, model__max_features=0.5, model__min_samples_leaf=1, model__min_samples_split=5, model__n_estimators=800; total time= 1.5min
[CV] END model__bootstrap=True, model__criterion=squared_error, model__max_depth=12, model__max_features=0.5, model__min_samples_leaf=1, model__min_samples_split=5, model__n_estimators=800; total time= 4.4min
[CV] END model__bootstrap=False, model__criterion=squared_error, model__max_depth=32, model__max_features=1.0, model__min_samples_leaf=1, model__min_samples_split=2, model__n_estimators=800; total time=13.6min
[CV] END model__bootstrap=False, model__criterion=squared_error, model__max_depth=18, model__max_features=0.7, model__min_samples_leaf=4, model__min_samples_split=5, model__n_estimators=300; total time= 3.3min
[CV] END model__bootstrap=False, model__criterion=squared_error, model__max_depth=18, model__max_features=0.7, model__min_samples_leaf=4, model__min_samples_split=5, model__n_estimators=300; total time= 4.8min
[CV] END model__bootstrap=False, model__criterion=squared_error, model__max_depth=32, model__max_features=0.7, model__min_samples_leaf=4, model__min_samples_split=20, model__n_estimators=1200; total time= 7.6min
[CV] END model__bootstrap=False, model__criterion=squared_error, model__max_depth=32, model__max_features=0.7, model__min_samples_leaf=4, model__min_samples_split=20, model__n_estimators=1200; total time=21.1min
[CV] END model__bootstrap=True, model__criterion=squared_error, model__max_depth=24, model__max_features=1.0, model__min_samples_leaf=2, model__min_samples_split=10, model__n_estimators=800; total time=12.9min
[CV] END model__bootstrap=True, model__criterion=squared_error, model__max_depth=8, model__max_features=0.7, model__min_samples_leaf=2, model__min_samples_split=10, model__n_estimators=1200; total time= 7.4min
[CV] END model__bootstrap=True, model__criterion=squared_error, model__max_depth=None, model__max_features=0.7, model__min_samples_leaf=1, model__min_samples_split=10, model__n_estimators=1200; total time=14.0min

[CV] END model__bootstrap=False, model__criterion=squared_error, model__max_depth=18, model__max_features=0.5, model__min_samples_leaf=2, model__min_samples_split=2, model__n_estimators=1200; total time= 2.1min
[CV] END model__bootstrap=False, model__criterion=squared_error, model__max_depth=18, model__max_features=0.5, model__min_samples_leaf=2, model__min_samples_split=2, model__n_estimators=1200; total time= 8.6min
[CV] END model__bootstrap=True, model__criterion=squared_error, model__max_depth=24, model__max_features=0.5, model__min_samples_leaf=2, model__min_samples_split=5, model__n_estimators=800; total time=  55.8s
[CV] END model__bootstrap=True, model__criterion=squared_error, model__max_depth=24, model__max_features=0.5, model__min_samples_leaf=2, model__min_samples_split=5, model__n_estimators=800; total time= 2.6min
[CV] END model__bootstrap=True, model__criterion=squared_error, model__max_depth=24, model__max_features=0.5, model__min_samples_leaf=2, model__min_samples_split=5, model__n_estimators=800; total time= 5.3min
[CV] END model__bootstrap=True, model__criterion=squared_error, model__max_depth=8, model__max_features=sqrt, model__min_samples_leaf=4, model__min_samples_split=10, model__n_estimators=800; total time=  46.6s
[CV] END model__bootstrap=True, model__criterion=squared_error, model__max_depth=12, model__max_features=0.5, model__min_samples_leaf=1, model__min_samples_split=5, model__n_estimators=800; total time=   1.2s
[CV] END model__bootstrap=True, model__criterion=squared_error, model__max_depth=12, model__max_features=0.5, model__min_samples_leaf=1, model__min_samples_split=5, model__n_estimators=800; total time=   3.4s
[CV] END model__bootstrap=True, model__criterion=squared_error, model__max_depth=12, model__max_features=0.5, model__min_samples_leaf=1, model__min_samples_split=5, model__n_estimators=800; total time=   6.6s
[CV] END model__bootstrap=True, model__criterion=squared_error, model__max_depth=12, model__max_features=0.5, model__min_samples_leaf=1, model__min_samples_split=5, model__n_estimators=800; total time=  12.6s
[CV] END model__bootstrap=True, model__criterion=squared_error, model__max_depth=12, model__max_features=0.5, model__min_samples_leaf=1, model__min_samples_split=5, model__n_estimators=800; total time=  43.8s
[CV] END model__bootstrap=True, model__criterion=squared_error, model__max_depth=12, model__max_features=0.5, model__min_samples_leaf=1, model__min_samples_split=5, model__n_estimators=800; total time= 2.4min
[CV] END model__bootstrap=False, model__criterion=squared_error, model__max_depth=32, model__max_features=1.0, model__min_samples_leaf=1, model__min_samples_split=2, model__n_estimators=800; total time=   2.0s
[CV] END model__bootstrap=False, model__criterion=squared_error, model__max_depth=32, model__max_features=1.0, model__min_samples_leaf=1, model__min_samples_split=2, model__n_estimators=800; total time=  10.0s
[CV] END model__bootstrap=False, model__criterion=squared_error, model__max_depth=32, model__max_features=1.0, model__min_samples_leaf=1, model__min_samples_split=2, model__n_estimators=800; total time=  24.8s
[CV] END model__bootstrap=False, model__criterion=squared_error, model__max_depth=32, model__max_features=1.0, model__min_samples_leaf=1, model__min_samples_split=2, model__n_estimators=800; total time= 1.8min
[CV] END model__bootstrap=False, model__criterion=squared_error, model__max_depth=32, model__max_features=1.0, model__min_samples_leaf=1, model__min_samples_split=2, model__n_estimators=800; total time=11.4min
[CV] END model__bootstrap=False, model__criterion=squared_error, model__max_depth=18, model__max_features=0.7, model__min_samples_leaf=4, model__min_samples_split=5, model__n_estimators=300; total time= 1.9min
[CV] END model__bootstrap=False, model__criterion=squared_error, model__max_depth=18, model__max_features=0.7, model__min_samples_leaf=4, model__min_samples_split=5, model__n_estimators=300; total time= 2.7min
[CV] END model__bootstrap=False, model__criterion=squared_error, model__max_depth=18, model__max_features=0.7, model__min_samples_leaf=4, model__min_samples_split=5, model__n_estimators=300; total time= 4.2min
[CV] END model__bootstrap=False, model__criterion=squared_error, model__max_depth=32, model__max_features=0.7, model__min_samples_leaf=4, model__min_samples_split=20, model__n_estimators=1200; total time= 2.5min
[CV] END model__bootstrap=False, model__criterion=squared_error, model__max_depth=32, model__max_features=0.7, model__min_samples_leaf=4, model__min_samples_split=20, model__n_estimators=1200; total time= 9.3min
[CV] END model__bootstrap=False, model__criterion=squared_error, model__max_depth=12, model__max_features=0.5, model__min_samples_leaf=1, model__min_samples_split=2, model__n_estimators=800; total time= 1.1min
[CV] END model__bootstrap=False, model__criterion=squared_error, model__max_depth=12, model__max_features=0.5, model__min_samples_leaf=1, model__min_samples_split=2, model__n_estimators=800; total time= 2.3min
[CV] END model__bootstrap=False, model__criterion=squared_error, model__max_depth=12, model__max_features=0.5, model__min_samples_leaf=1, model__min_samples_split=2, model__n_estimators=800; total time= 4.3min
[CV] END model__bootstrap=False, model__criterion=squared_error, model__max_depth=12, model__max_features=0.5, model__min_samples_leaf=1, model__min_samples_split=2, model__n_estimators=800; total time= 7.3min
[CV] END model__bootstrap=True, model__criterion=squared_error, model__max_depth=24, model__max_features=1.0, model__min_samples_leaf=2, model__min_samples_split=10, model__n_estimators=800; total time=   6.0s
[CV] END model__bootstrap=True, model__criterion=squared_error, model__max_depth=24, model__max_features=1.0, model__min_samples_leaf=2, model__min_samples_split=10, model__n_estimators=800; total time=  24.0s
[CV] END model__bootstrap=True, model__criterion=squared_error, model__max_depth=24, model__max_features=1.0, model__min_samples_leaf=2, model__min_samples_split=10, model__n_estimators=800; total time= 2.6min
[CV] END model__bootstrap=True, model__criterion=squared_error, model__max_depth=24, model__max_features=1.0, model__min_samples_leaf=2, model__min_samples_split=10, model__n_estimators=800; total time=11.4min
[CV] END model__bootstrap=True, model__criterion=squared_error, model__max_depth=8, model__max_features=0.7, model__min_samples_leaf=2, model__min_samples_split=10, model__n_estimators=1200; total time= 4.3min
[CV] END model__bootstrap=True, model__criterion=squared_error, model__max_depth=None, model__max_features=0.7, model__min_samples_leaf=1, model__min_samples_split=10, model__n_estimators=1200; total time= 2.8min
[CV] END model__bootstrap=True, model__criterion=squared_error, model__max_depth=None, model__max_features=0.7, model__min_samples_leaf=1, model__min_samples_split=10, model__n_estimators=1200; total time= 9.6min
[CV] END model__bootstrap=False, model__criterion=squared_error, model__max_depth=24, model__max_features=0.7, model__min_samples_leaf=8, model__min_samples_split=2, model__n_estimators=800; total time= 7.3min

[CV] END model__bootstrap=False, model__criterion=squared_error, model__max_depth=18, model__max_features=0.5, model__min_samples_leaf=2, model__min_samples_split=2, model__n_estimators=1200; total time= 4.4min
[CV] END model__bootstrap=False, model__criterion=squared_error, model__max_depth=18, model__max_features=0.5, model__min_samples_leaf=2, model__min_samples_split=2, model__n_estimators=1200; total time=12.9min
[CV] END model__bootstrap=True, model__criterion=squared_error, model__max_depth=8, model__max_features=sqrt, model__min_samples_leaf=4, model__min_samples_split=10, model__n_estimators=800; total time=   1.0s
[CV] END model__bootstrap=True, model__criterion=squared_error, model__max_depth=8, model__max_features=sqrt, model__min_samples_leaf=4, model__min_samples_split=10, model__n_estimators=800; total time=   1.3s
[CV] END model__bootstrap=True, model__criterion=squared_error, model__max_depth=8, model__max_features=sqrt, model__min_samples_leaf=4, model__min_samples_split=10, model__n_estimators=800; total time=   2.2s
[CV] END model__bootstrap=True, model__criterion=squared_error, model__max_depth=8, model__max_features=sqrt, model__min_samples_leaf=4, model__min_samples_split=10, model__n_estimators=800; total time=   3.1s
[CV] END model__bootstrap=True, model__criterion=squared_error, model__max_depth=8, model__max_features=sqrt, model__min_samples_leaf=4, model__min_samples_split=10, model__n_estimators=800; total time=   9.2s
[CV] END model__bootstrap=True, model__criterion=squared_error, model__max_depth=8, model__max_features=sqrt, model__min_samples_leaf=4, model__min_samples_split=10, model__n_estimators=800; total time=  17.5s
[CV] END model__bootstrap=True, model__criterion=squared_error, model__max_depth=8, model__max_features=sqrt, model__min_samples_leaf=4, model__min_samples_split=10, model__n_estimators=800; total time=  27.3s
[CV] END model__bootstrap=True, model__criterion=squared_error, model__max_depth=8, model__max_features=sqrt, model__min_samples_leaf=4, model__min_samples_split=10, model__n_estimators=800; total time=  38.3s
[CV] END model__bootstrap=True, model__criterion=squared_error, model__max_depth=8, model__max_features=sqrt, model__min_samples_leaf=4, model__min_samples_split=10, model__n_estimators=800; total time=  52.5s
[CV] END model__bootstrap=True, model__criterion=squared_error, model__max_depth=12, model__max_features=0.5, model__min_samples_leaf=1, model__min_samples_split=5, model__n_estimators=800; total time= 1.1min
[CV] END model__bootstrap=True, model__criterion=squared_error, model__max_depth=12, model__max_features=0.5, model__min_samples_leaf=1, model__min_samples_split=5, model__n_estimators=800; total time= 3.4min
[CV] END model__bootstrap=False, model__criterion=squared_error, model__max_depth=32, model__max_features=1.0, model__min_samples_leaf=1, model__min_samples_split=2, model__n_estimators=800; total time= 7.1min
[CV] END model__bootstrap=False, model__criterion=squared_error, model__max_depth=32, model__max_features=1.0, model__min_samples_leaf=1, model__min_samples_split=2, model__n_estimators=800; total time=25.5min
[CV] END model__bootstrap=False, model__criterion=squared_error, model__max_depth=12, model__max_features=0.5, model__min_samples_leaf=1, model__min_samples_split=2, model__n_estimators=800; total time=   1.6s
[CV] END model__bootstrap=False, model__criterion=squared_error, model__max_depth=12, model__max_features=0.5, model__min_samples_leaf=1, model__min_samples_split=2, model__n_estimators=800; total time=   5.0s
[CV] END model__bootstrap=False, model__criterion=squared_error, model__max_depth=12, model__max_features=0.5, model__min_samples_leaf=1, model__min_samples_split=2, model__n_estimators=800; total time=  11.1s
[CV] END model__bootstrap=False, model__criterion=squared_error, model__max_depth=12, model__max_features=0.5, model__min_samples_leaf=1, model__min_samples_split=2, model__n_estimators=800; total time=  18.6s
[CV] END model__bootstrap=False, model__criterion=squared_error, model__max_depth=12, model__max_features=0.5, model__min_samples_leaf=1, model__min_samples_split=2, model__n_estimators=800; total time=  40.7s
[CV] END model__bootstrap=False, model__criterion=squared_error, model__max_depth=12, model__max_features=0.5, model__min_samples_leaf=1, model__min_samples_split=2, model__n_estimators=800; total time= 1.6min
[CV] END model__bootstrap=False, model__criterion=squared_error, model__max_depth=12, model__max_features=0.5, model__min_samples_leaf=1, model__min_samples_split=2, model__n_estimators=800; total time= 3.7min
[CV] END model__bootstrap=False, model__criterion=squared_error, model__max_depth=12, model__max_features=0.5, model__min_samples_leaf=1, model__min_samples_split=2, model__n_estimators=800; total time= 6.6min
[CV] END model__bootstrap=True, model__criterion=squared_error, model__max_depth=None, model__max_features=0.7, model__min_samples_leaf=8, model__min_samples_split=10, model__n_estimators=300; total time= 2.4min
[CV] END model__bootstrap=True, model__criterion=squared_error, model__max_depth=24, model__max_features=1.0, model__min_samples_leaf=2, model__min_samples_split=10, model__n_estimators=800; total time=   1.6s
[CV] END model__bootstrap=True, model__criterion=squared_error, model__max_depth=24, model__max_features=1.0, model__min_samples_leaf=2, model__min_samples_split=10, model__n_estimators=800; total time=  12.8s
[CV] END model__bootstrap=True, model__criterion=squared_error, model__max_depth=24, model__max_features=1.0, model__min_samples_leaf=2, model__min_samples_split=10, model__n_estimators=800; total time=  54.6s
[CV] END model__bootstrap=True, model__criterion=squared_error, model__max_depth=24, model__max_features=1.0, model__min_samples_leaf=2, model__min_samples_split=10, model__n_estimators=800; total time= 6.3min
[CV] END model__bootstrap=True, model__criterion=squared_error, model__max_depth=32, model__max_features=0.7, model__min_samples_leaf=2, model__min_samples_split=10, model__n_estimators=300; total time=  59.8s
[CV] END model__bootstrap=True, model__criterion=squared_error, model__max_depth=32, model__max_features=0.7, model__min_samples_leaf=2, model__min_samples_split=10, model__n_estimators=300; total time= 1.7min
[CV] END model__bootstrap=True, model__criterion=squared_error, model__max_depth=32, model__max_features=0.7, model__min_samples_leaf=2, model__min_samples_split=10, model__n_estimators=300; total time= 2.7min
[CV] END model__bootstrap=True, model__criterion=squared_error, model__max_depth=8, model__max_features=0.7, model__min_samples_leaf=2, model__min_samples_split=10, model__n_estimators=1200; total time=   2.1s
[CV] END model__bootstrap=True, model__criterion=squared_error, model__max_depth=8, model__max_features=0.7, model__min_samples_leaf=2, model__min_samples_split=10, model__n_estimators=1200; total time=   5.8s
[CV] END model__bootstrap=True, model__criterion=squared_error, model__max_depth=8, model__max_features=0.7, model__min_samples_leaf=2, model__min_samples_split=10, model__n_estimators=1200; total time=  19.3s
[CV] END model__bootstrap=True, model__criterion=squared_error, model__max_depth=8, model__max_features=0.7, model__min_samples_leaf=2, model__min_samples_split=10, model__n_estimators=1200; total time= 1.1min
[CV] END model__bootstrap=True, model__criterion=squared_error, model__max_depth=8, model__max_features=0.7, model__min_samples_leaf=2, model__min_samples_split=10, model__n_estimators=1200; total time= 3.0min
[CV] END model__bootstrap=True, model__criterion=squared_error, model__max_depth=8, model__max_features=0.7, model__min_samples_leaf=2, model__min_samples_split=10, model__n_estimators=1200; total time= 7.7min
[CV] END model__bootstrap=True, model__criterion=squared_error, model__max_depth=None, model__max_features=0.7, model__min_samples_leaf=1, model__min_samples_split=10, model__n_estimators=1200; total time=14.8min

[CV] END model__bootstrap=False, model__criterion=squared_error, model__max_depth=18, model__max_features=0.7, model__min_samples_leaf=4, model__min_samples_split=5, model__n_estimators=300; total time= 2.3min
[CV] END model__bootstrap=False, model__criterion=squared_error, model__max_depth=18, model__max_features=0.7, model__min_samples_leaf=4, model__min_samples_split=5, model__n_estimators=300; total time= 3.8min
[CV] END model__bootstrap=False, model__criterion=squared_error, model__max_depth=32, model__max_features=0.7, model__min_samples_leaf=4, model__min_samples_split=20, model__n_estimators=1200; total time=   1.4s
[CV] END model__bootstrap=False, model__criterion=squared_error, model__max_depth=32, model__max_features=0.7, model__min_samples_leaf=4, model__min_samples_split=20, model__n_estimators=1200; total time=   7.6s
[CV] END model__bootstrap=False, model__criterion=squared_error, model__max_depth=32, model__max_features=0.7, model__min_samples_leaf=4, model__min_samples_split=20, model__n_estimators=1200; total time=  16.5s
[CV] END model__bootstrap=False, model__criterion=squared_error, model__max_depth=32, model__max_features=0.7, model__min_samples_leaf=4, model__min_samples_split=20, model__n_estimators=1200; total time=  34.6s
[CV] END model__bootstrap=False, model__criterion=squared_error, model__max_depth=32, model__max_features=0.7, model__min_samples_leaf=4, model__min_samples_split=20, model__n_estimators=1200; total time= 1.3min
[CV] END model__bootstrap=False, model__criterion=squared_error, model__max_depth=32, model__max_features=0.7, model__min_samples_leaf=4, model__min_samples_split=20, model__n_estimators=1200; total time= 5.6min
[CV] END model__bootstrap=False, model__criterion=squared_error, model__max_depth=32, model__max_features=0.7, model__min_samples_leaf=4, model__min_samples_split=20, model__n_estimators=1200; total time=17.3min
[CV] END model__bootstrap=True, model__criterion=squared_error, model__max_depth=None, model__max_features=0.7, model__min_samples_leaf=8, model__min_samples_split=10, model__n_estimators=300; total time= 1.8min
[CV] END model__bootstrap=True, model__criterion=squared_error, model__max_depth=None, model__max_features=0.7, model__min_samples_leaf=8, model__min_samples_split=10, model__n_estimators=300; total time= 3.1min
[CV] END model__bootstrap=True, model__criterion=squared_error, model__max_depth=24, model__max_features=1.0, model__min_samples_leaf=2, model__min_samples_split=10, model__n_estimators=800; total time= 7.5min
[CV] END model__bootstrap=True, model__criterion=squared_error, model__max_depth=32, model__max_features=0.7, model__min_samples_leaf=2, model__min_samples_split=10, model__n_estimators=300; total time= 2.3min
[CV] END model__bootstrap=True, model__criterion=squared_error, model__max_depth=32, model__max_features=0.7, model__min_samples_leaf=2, model__min_samples_split=10, model__n_estimators=300; total time= 3.6min
[CV] END model__bootstrap=True, model__criterion=squared_error, model__max_depth=8, model__max_features=0.7, model__min_samples_leaf=2, model__min_samples_split=10, model__n_estimators=1200; total time= 5.1min
[CV] END model__bootstrap=True, model__criterion=squared_error, model__max_depth=None, model__max_features=0.7, model__min_samples_leaf=1, model__min_samples_split=10, model__n_estimators=1200; total time= 5.4min
[CV] END model__bootstrap=False, model__criterion=squared_error, model__max_depth=24, model__max_features=0.7, model__min_samples_leaf=8, model__min_samples_split=2, model__n_estimators=800; total time=   1.2s
[CV] END model__bootstrap=False, model__criterion=squared_error, model__max_depth=24, model__max_features=0.7, model__min_samples_leaf=8, model__min_samples_split=2, model__n_estimators=800; total time=   5.2s
[CV] END model__bootstrap=False, model__criterion=squared_error, model__max_depth=24, model__max_features=0.7, model__min_samples_leaf=8, model__min_samples_split=2, model__n_estimators=800; total time=  11.2s
[CV] END model__bootstrap=False, model__criterion=squared_error, model__max_depth=24, model__max_features=0.7, model__min_samples_leaf=8, model__min_samples_split=2, model__n_estimators=800; total time=  20.8s
[CV] END model__bootstrap=False, model__criterion=squared_error, model__max_depth=24, model__max_features=0.7, model__min_samples_leaf=8, model__min_samples_split=2, model__n_estimators=800; total time=  50.7s
[CV] END model__bootstrap=False, model__criterion=squared_error, model__max_depth=24, model__max_features=0.7, model__min_samples_leaf=8, model__min_samples_split=2, model__n_estimators=800; total time= 1.6min
[CV] END model__bootstrap=False, model__criterion=squared_error, model__max_depth=24, model__max_features=0.7, model__min_samples_leaf=8, model__min_samples_split=2, model__n_estimators=800; total time= 3.6min
[CV] END model__bootstrap=False, model__criterion=squared_error, model__max_depth=24, model__max_features=0.7, model__min_samples_leaf=8, model__min_samples_split=2, model__n_estimators=800; total time= 8.8min

[CV] END model__bootstrap=False, model__criterion=squared_error, model__max_depth=12, model__max_features=0.5, model__min_samples_leaf=1, model__min_samples_split=2, model__n_estimators=800; total time= 2.9min
[CV] END model__bootstrap=False, model__criterion=squared_error, model__max_depth=12, model__max_features=0.5, model__min_samples_leaf=1, model__min_samples_split=2, model__n_estimators=800; total time= 5.8min
[CV] END model__bootstrap=True, model__criterion=squared_error, model__max_depth=None, model__max_features=0.7, model__min_samples_leaf=8, model__min_samples_split=10, model__n_estimators=300; total time=  52.9s
[CV] END model__bootstrap=True, model__criterion=squared_error, model__max_depth=None, model__max_features=0.7, model__min_samples_leaf=8, model__min_samples_split=10, model__n_estimators=300; total time= 1.5min
[CV] END model__bootstrap=True, model__criterion=squared_error, model__max_depth=None, model__max_features=0.7, model__min_samples_leaf=8, model__min_samples_split=10, model__n_estimators=300; total time= 2.8min
[CV] END model__bootstrap=True, model__criterion=squared_error, model__max_depth=24, model__max_features=1.0, model__min_samples_leaf=2, model__min_samples_split=10, model__n_estimators=800; total time= 5.0min
[CV] END model__bootstrap=True, model__criterion=squared_error, model__max_depth=32, model__max_features=0.7, model__min_samples_leaf=2, model__min_samples_split=10, model__n_estimators=300; total time=   0.5s
[CV] END model__bootstrap=True, model__criterion=squared_error, model__max_depth=32, model__max_features=0.7, model__min_samples_leaf=2, model__min_samples_split=10, model__n_estimators=300; total time=   1.5s
[CV] END model__bootstrap=True, model__criterion=squared_error, model__max_depth=32, model__max_features=0.7, model__min_samples_leaf=2, model__min_samples_split=10, model__n_estimators=300; total time=   3.2s
[CV] END model__bootstrap=True, model__criterion=squared_error, model__max_depth=32, model__max_features=0.7, model__min_samples_leaf=2, model__min_samples_split=10, model__n_estimators=300; total time=   6.4s
[CV] END model__bootstrap=True, model__criterion=squared_error, model__max_depth=32, model__max_features=0.7, model__min_samples_leaf=2, model__min_samples_split=10, model__n_estimators=300; total time=  14.9s
[CV] END model__bootstrap=True, model__criterion=squared_error, model__max_depth=32, model__max_features=0.7, model__min_samples_leaf=2, model__min_samples_split=10, model__n_estimators=300; total time=  26.3s
[CV] END model__bootstrap=True, model__criterion=squared_error, model__max_depth=32, model__max_features=0.7, model__min_samples_leaf=2, model__min_samples_split=10, model__n_estimators=300; total time=  41.3s
[CV] END model__bootstrap=True, model__criterion=squared_error, model__max_depth=32, model__max_features=0.7, model__min_samples_leaf=2, model__min_samples_split=10, model__n_estimators=300; total time= 1.3min
[CV] END model__bootstrap=True, model__criterion=squared_error, model__max_depth=32, model__max_features=0.7, model__min_samples_leaf=2, model__min_samples_split=10, model__n_estimators=300; total time= 2.0min
[CV] END model__bootstrap=True, model__criterion=squared_error, model__max_depth=32, model__max_features=0.7, model__min_samples_leaf=2, model__min_samples_split=10, model__n_estimators=300; total time= 3.1min
[CV] END model__bootstrap=True, model__criterion=squared_error, model__max_depth=8, model__max_features=0.7, model__min_samples_leaf=2, model__min_samples_split=10, model__n_estimators=1200; total time= 2.3min
[CV] END model__bootstrap=True, model__criterion=squared_error, model__max_depth=8, model__max_features=0.7, model__min_samples_leaf=2, model__min_samples_split=10, model__n_estimators=1200; total time= 6.6min
[CV] END model__bootstrap=True, model__criterion=squared_error, model__max_depth=None, model__max_features=0.7, model__min_samples_leaf=1, model__min_samples_split=10, model__n_estimators=1200; total time=11.1min
[CV] END model__bootstrap=False, model__criterion=squared_error, model__max_depth=24, model__max_features=0.7, model__min_samples_leaf=8, model__min_samples_split=2, model__n_estimators=800; total time=10.0min

[CV] END model__bootstrap=False, model__criterion=squared_error, model__max_depth=18, model__max_features=0.5, model__min_samples_leaf=2, model__min_samples_split=5, model__n_estimators=500; total time= 3.0min
[CV] END model__bootstrap=True, model__criterion=squared_error, model__max_depth=32, model__max_features=0.7, model__min_samples_leaf=2, model__min_samples_split=2, model__n_estimators=1200; total time= 2.0min
[CV] END model__bootstrap=True, model__criterion=squared_error, model__max_depth=32, model__max_features=0.7, model__min_samples_leaf=2, model__min_samples_split=2, model__n_estimators=1200; total time= 7.3min
[CV] END model__bootstrap=False, model__criterion=squared_error, model__max_depth=None, model__max_features=0.5, model__min_samples_leaf=2, model__min_samples_split=2, model__n_estimators=800; total time= 2.3min
[CV] END model__bootstrap=False, model__criterion=squared_error, model__max_depth=None, model__max_features=0.5, model__min_samples_leaf=2, model__min_samples_split=2, model__n_estimators=800; total time= 5.4min
[CV] END model__bootstrap=False, model__criterion=squared_error, model__max_depth=None, model__max_features=0.5, model__min_samples_leaf=2, model__min_samples_split=2, model__n_estimators=800; total time=10.9min
[CV] END model__bootstrap=False, model__criterion=squared_error, model__max_depth=24, model__max_features=1.0, model__min_samples_leaf=8, model__min_samples_split=20, model__n_estimators=500; total time=12.3min
[CV] END model__bootstrap=True, model__criterion=squared_error, model__max_depth=12, model__max_features=sqrt, model__min_samples_leaf=8, model__min_samples_split=10, model__n_estimators=300; total time=   0.3s
[CV] END model__bootstrap=True, model__criterion=squared_error, model__max_depth=12, model__max_features=sqrt, model__min_samples_leaf=8, model__min_samples_split=10, model__n_estimators=300; total time=   0.5s
[CV] END model__bootstrap=True, model__criterion=squared_error, model__max_depth=12, model__max_features=sqrt, model__min_samples_leaf=8, model__min_samples_split=10, model__n_estimators=300; total time=   0.8s
[CV] END model__bootstrap=True, model__criterion=squared_error, model__max_depth=12, model__max_features=sqrt, model__min_samples_leaf=8, model__min_samples_split=10, model__n_estimators=300; total time=   1.2s
[CV] END model__bootstrap=True, model__criterion=squared_error, model__max_depth=12, model__max_features=sqrt, model__min_samples_leaf=8, model__min_samples_split=10, model__n_estimators=300; total time=   2.5s
[CV] END model__bootstrap=True, model__criterion=squared_error, model__max_depth=12, model__max_features=sqrt, model__min_samples_leaf=8, model__min_samples_split=10, model__n_estimators=300; total time=   4.1s
[CV] END model__bootstrap=True, model__criterion=squared_error, model__max_depth=12, model__max_features=sqrt, model__min_samples_leaf=8, model__min_samples_split=10, model__n_estimators=300; total time=   5.7s
[CV] END model__bootstrap=True, model__criterion=squared_error, model__max_depth=12, model__max_features=sqrt, model__min_samples_leaf=8, model__min_samples_split=10, model__n_estimators=300; total time=   8.2s
[CV] END model__bootstrap=True, model__criterion=squared_error, model__max_depth=12, model__max_features=sqrt, model__min_samples_leaf=8, model__min_samples_split=10, model__n_estimators=300; total time=  13.7s
[CV] END model__bootstrap=True, model__criterion=squared_error, model__max_depth=12, model__max_features=sqrt, model__min_samples_leaf=8, model__min_samples_split=10, model__n_estimators=300; total time=  19.6s
[CV] END model__bootstrap=True, model__criterion=squared_error, model__max_depth=12, model__max_features=sqrt, model__min_samples_leaf=8, model__min_samples_split=10, model__n_estimators=300; total time=  23.8s
[CV] END model__bootstrap=True, model__criterion=squared_error, model__max_depth=12, model__max_features=sqrt, model__min_samples_leaf=8, model__min_samples_split=10, model__n_estimators=300; total time=  28.1s
[CV] END model__bootstrap=True, model__criterion=squared_error, model__max_depth=24, model__max_features=0.5, model__min_samples_leaf=2, model__min_samples_split=5, model__n_estimators=800; total time=  30.6s
[CV] END model__bootstrap=True, model__criterion=squared_error, model__max_depth=24, model__max_features=0.5, model__min_samples_leaf=2, model__min_samples_split=5, model__n_estimators=800; total time= 2.0min
[CV] END model__bootstrap=True, model__criterion=squared_error, model__max_depth=24, model__max_features=0.5, model__min_samples_leaf=2, model__min_samples_split=5, model__n_estimators=800; total time= 4.0min
[CV] END model__bootstrap=True, model__criterion=squared_error, model__max_depth=24, model__max_features=0.5, model__min_samples_leaf=2, model__min_samples_split=5, model__n_estimators=800; total time= 7.3min
[CV] END model__bootstrap=False, model__criterion=squared_error, model__max_depth=32, model__max_features=1.0, model__min_samples_leaf=1, model__min_samples_split=2, model__n_estimators=800; total time=  46.9s
[CV] END model__bootstrap=False, model__criterion=squared_error, model__max_depth=32, model__max_features=1.0, model__min_samples_leaf=1, model__min_samples_split=2, model__n_estimators=800; total time= 5.1min
[CV] END model__bootstrap=False, model__criterion=squared_error, model__max_depth=32, model__max_features=1.0, model__min_samples_leaf=1, model__min_samples_split=2, model__n_estimators=800; total time=23.9min
[CV] END model__bootstrap=False, model__criterion=squared_error, model__max_depth=32, model__max_features=0.7, model__min_samples_leaf=4, model__min_samples_split=20, model__n_estimators=1200; total time=19.7min
[CV] END model__bootstrap=True, model__criterion=squared_error, model__max_depth=24, model__max_features=1.0, model__min_samples_leaf=2, model__min_samples_split=10, model__n_estimators=800; total time= 1.7min
[CV] END model__bootstrap=True, model__criterion=squared_error, model__max_depth=24, model__max_features=1.0, model__min_samples_leaf=2, model__min_samples_split=10, model__n_estimators=800; total time= 8.9min
[CV] END model__bootstrap=True, model__criterion=squared_error, model__max_depth=32, model__max_features=0.7, model__min_samples_leaf=2, model__min_samples_split=10, model__n_estimators=300; total time= 3.4min
[CV] END model__bootstrap=True, model__criterion=squared_error, model__max_depth=8, model__max_features=0.7, model__min_samples_leaf=2, model__min_samples_split=10, model__n_estimators=1200; total time= 3.7min
[CV] END model__bootstrap=True, model__criterion=squared_error, model__max_depth=None, model__max_features=0.7, model__min_samples_leaf=1, model__min_samples_split=10, model__n_estimators=1200; total time=  14.6s
[CV] END model__bootstrap=True, model__criterion=squared_error, model__max_depth=None, model__max_features=0.7, model__min_samples_leaf=1, model__min_samples_split=10, model__n_estimators=1200; total time=  58.8s
[CV] END model__bootstrap=True, model__criterion=squared_error, model__max_depth=None, model__max_features=0.7, model__min_samples_leaf=1, model__min_samples_split=10, model__n_estimators=1200; total time= 4.1min
[CV] END model__bootstrap=True, model__criterion=squared_error, model__max_depth=None, model__max_features=0.7, model__min_samples_leaf=1, model__min_samples_split=10, model__n_estimators=1200; total time=12.5min
[CV] END model__bootstrap=False, model__criterion=squared_error, model__max_depth=24, model__max_features=0.7, model__min_samples_leaf=8, model__min_samples_split=2, model__n_estimators=800; total time=12.3min
[CV] END model__bootstrap=True, model__criterion=squared_error, model__max_depth=8, model__max_features=sqrt, model__min_samples_leaf=4, model__min_samples_split=5, model__n_estimators=300; total time=   0.5s
[CV] END model__bootstrap=True, model__criterion=squared_error, model__max_depth=8, model__max_features=sqrt, model__min_samples_leaf=4, model__min_samples_split=5, model__n_estimators=300; total time=  10.0s
[CV] END model__bootstrap=True, model__criterion=squared_error, model__max_depth=8, model__max_features=sqrt, model__min_samples_leaf=4, model__min_samples_split=5, model__n_estimators=500; total time=   0.5s
[CV] END model__bootstrap=True, model__criterion=squared_error, model__max_depth=32, model__max_features=0.7, model__min_samples_leaf=2, model__min_samples_split=2, model__n_estimators=1200; total time=15.8min
[CV] END model__bootstrap=False, model__criterion=squared_error, model__max_depth=24, model__max_features=1.0, model__min_samples_leaf=8, model__min_samples_split=20, model__n_estimators=500; total time= 3.2min
[CV] END model__bootstrap=False, model__criterion=squared_error, model__max_depth=24, model__max_features=1.0, model__min_samples_leaf=8, model__min_samples_split=20, model__n_estimators=500; total time= 9.0min
[CV] END model__bootstrap=False, model__criterion=squared_error, model__max_depth=18, model__max_features=0.5, model__min_samples_leaf=2, model__min_samples_split=2, model__n_estimators=1200; total time= 7.2min
[CV] END model__bootstrap=True, model__criterion=squared_error, model__max_depth=12, model__max_features=sqrt, model__min_samples_leaf=8, model__min_samples_split=10, model__n_estimators=300; total time=  11.1s
[CV] END model__bootstrap=True, model__criterion=squared_error, model__max_depth=12, model__max_features=sqrt, model__min_samples_leaf=8, model__min_samples_split=10, model__n_estimators=300; total time=  15.8s
[CV] END model__bootstrap=True, model__criterion=squared_error, model__max_depth=12, model__max_features=sqrt, model__min_samples_leaf=8, model__min_samples_split=10, model__n_estimators=300; total time=  21.6s
[CV] END model__bootstrap=True, model__criterion=squared_error, model__max_depth=12, model__max_features=sqrt, model__min_samples_leaf=8, model__min_samples_split=10, model__n_estimators=300; total time=  26.3s
[CV] END model__bootstrap=True, model__criterion=squared_error, model__max_depth=24, model__max_features=0.5, model__min_samples_leaf=2, model__min_samples_split=5, model__n_estimators=800; total time=   1.3s
[CV] END model__bootstrap=True, model__criterion=squared_error, model__max_depth=24, model__max_features=0.5, model__min_samples_leaf=2, model__min_samples_split=5, model__n_estimators=800; total time=   3.7s
[CV] END model__bootstrap=True, model__criterion=squared_error, model__max_depth=24, model__max_features=0.5, model__min_samples_leaf=2, model__min_samples_split=5, model__n_estimators=800; total time=   7.7s
[CV] END model__bootstrap=True, model__criterion=squared_error, model__max_depth=24, model__max_features=0.5, model__min_samples_leaf=2, model__min_samples_split=5, model__n_estimators=800; total time=  13.3s
[CV] END model__bootstrap=True, model__criterion=squared_error, model__max_depth=24, model__max_features=0.5, model__min_samples_leaf=2, model__min_samples_split=5, model__n_estimators=800; total time= 1.4min
[CV] END model__bootstrap=True, model__criterion=squared_error, model__max_depth=24, model__max_features=0.5, model__min_samples_leaf=2, model__min_samples_split=5, model__n_estimators=800; total time= 3.3min
[CV] END model__bootstrap=True, model__criterion=squared_error, model__max_depth=24, model__max_features=0.5, model__min_samples_leaf=2, model__min_samples_split=5, model__n_estimators=800; total time= 6.2min
[CV] END model__bootstrap=True, model__criterion=squared_error, model__max_depth=12, model__max_features=0.5, model__min_samples_leaf=1, model__min_samples_split=5, model__n_estimators=800; total time= 2.9min
[CV] END model__bootstrap=False, model__criterion=squared_error, model__max_depth=32, model__max_features=1.0, model__min_samples_leaf=1, model__min_samples_split=2, model__n_estimators=800; total time= 3.3min
[CV] END model__bootstrap=False, model__criterion=squared_error, model__max_depth=32, model__max_features=1.0, model__min_samples_leaf=1, model__min_samples_split=2, model__n_estimators=800; total time=18.9min
[CV] END model__bootstrap=False, model__criterion=squared_error, model__max_depth=32, model__max_features=0.7, model__min_samples_leaf=4, model__min_samples_split=20, model__n_estimators=1200; total time= 3.9min
[CV] END model__bootstrap=False, model__criterion=squared_error, model__max_depth=32, model__max_features=0.7, model__min_samples_leaf=4, model__min_samples_split=20, model__n_estimators=1200; total time=15.6min
[CV] END model__bootstrap=False, model__criterion=squared_error, model__max_depth=12, model__max_features=0.5, model__min_samples_leaf=1, model__min_samples_split=2, model__n_estimators=800; total time= 7.8min
[CV] END model__bootstrap=True, model__criterion=squared_error, model__max_depth=24, model__max_features=1.0, model__min_samples_leaf=2, model__min_samples_split=10, model__n_estimators=800; total time= 3.8min
[CV] END model__bootstrap=True, model__criterion=squared_error, model__max_depth=24, model__max_features=1.0, model__min_samples_leaf=2, model__min_samples_split=10, model__n_estimators=800; total time=13.6min
[CV] END model__bootstrap=True, model__criterion=squared_error, model__max_depth=None, model__max_features=0.7, model__min_samples_leaf=1, model__min_samples_split=10, model__n_estimators=1200; total time=   1.9s
[CV] END model__bootstrap=True, model__criterion=squared_error, model__max_depth=None, model__max_features=0.7, model__min_samples_leaf=1, model__min_samples_split=10, model__n_estimators=1200; total time=   6.6s
[CV] END model__bootstrap=True, model__criterion=squared_error, model__max_depth=None, model__max_features=0.7, model__min_samples_leaf=1, model__min_samples_split=10, model__n_estimators=1200; total time=  27.0s
[CV] END model__bootstrap=True, model__criterion=squared_error, model__max_depth=None, model__max_features=0.7, model__min_samples_leaf=1, model__min_samples_split=10, model__n_estimators=1200; total time= 1.8min
[CV] END model__bootstrap=True, model__criterion=squared_error, model__max_depth=None, model__max_features=0.7, model__min_samples_leaf=1, model__min_samples_split=10, model__n_estimators=1200; total time= 6.8min
[CV] END model__bootstrap=False, model__criterion=squared_error, model__max_depth=24, model__max_features=0.7, model__min_samples_leaf=8, model__min_samples_split=2, model__n_estimators=800; total time= 2.6min
[CV] END model__bootstrap=False, model__criterion=squared_error, model__max_depth=24, model__max_features=0.7, model__min_samples_leaf=8, model__min_samples_split=2, model__n_estimators=800; total time= 6.1min
[CV] END model__bootstrap=False, model__criterion=squared_error, model__max_depth=24, model__max_features=0.7, model__min_samples_leaf=8, model__min_samples_split=2, model__n_estimators=800; total time=12.9min
[CV] END model__bootstrap=True, model__criterion=squared_error, model__max_depth=8, model__max_features=sqrt, model__min_samples_leaf=4, model__min_samples_split=5, model__n_estimators=300; total time=   0.7s
[CV] END model__bootstrap=True, model__criterion=squared_error, model__max_depth=8, model__max_features=sqrt, model__min_samples_leaf=4, model__min_samples_split=5, model__n_estimators=300; total time=  12.2s
[CV] END model__bootstrap=True, model__criterion=squared_error, model__max_depth=8, model__max_features=sqrt, model__min_samples_leaf=4, model__min_samples_split=5, model__n_estimators=500; total time=   5.0s
[CV] END model__bootstrap=True, model__criterion=squared_error, model__max_depth=8, model__max_features=sqrt, model__min_samples_leaf=4, model__min_samples_split=5, model__n_estimators=500; total time=  13.3s
[CV] END model__bootstrap=True, model__criterion=squared_error, model__max_depth=8, model__max_features=sqrt, model__min_samples_leaf=4, model__min_samples_split=10, model__n_estimators=300; total time=   0.3s
[CV] END model__bootstrap=True, model__criterion=squared_error, model__max_depth=8, model__max_features=sqrt, model__min_samples_leaf=4, model__min_samples_split=10, model__n_estimators=300; total time=   0.5s
[CV] END model__bootstrap=True, model__criterion=squared_error, model__max_depth=8, model__max_features=sqrt, model__min_samples_leaf=4, model__min_samples_split=10, model__n_estimators=300; total time=   0.6s
[CV] END model__bootstrap=True, model__criterion=squared_error, model__max_depth=8, model__max_features=sqrt, model__min_samples_leaf=4, model__min_samples_split=10, model__n_estimators=300; total time=   0.8s
[CV] END model__bootstrap=True, model__criterion=squared_error, model__max_depth=None, model__max_features=0.7, model__min_samples_leaf=8, model__min_samples_split=10, model__n_estimators=300; total time=   1.3s
[CV] END model__bootstrap=True, model__criterion=squared_error, model__max_depth=None, model__max_features=0.7, model__min_samples_leaf=8, model__min_samples_split=10, model__n_estimators=300; total time=   2.7s
[CV] END model__bootstrap=True, model__criterion=squared_error, model__max_depth=None, model__max_features=0.7, model__min_samples_leaf=8, model__min_samples_split=10, model__n_estimators=300; total time=   5.4s
[CV] END model__bootstrap=True, model__criterion=squared_error, model__max_depth=None, model__max_features=0.7, model__min_samples_leaf=8, model__min_samples_split=10, model__n_estimators=300; total time=  12.2s
[CV] END model__bootstrap=True, model__criterion=squared_error, model__max_depth=None, model__max_features=0.7, model__min_samples_leaf=8, model__min_samples_split=10, model__n_estimators=300; total time=  23.4s
[CV] END model__bootstrap=True, model__criterion=squared_error, model__max_depth=None, model__max_features=0.7, model__min_samples_leaf=8, model__min_samples_split=10, model__n_estimators=300; total time=  37.3s
[CV] END model__bootstrap=True, model__criterion=squared_error, model__max_depth=None, model__max_features=0.7, model__min_samples_leaf=8, model__min_samples_split=10, model__n_estimators=300; total time= 1.2min
[CV] END model__bootstrap=True, model__criterion=squared_error, model__max_depth=None, model__max_features=0.7, model__min_samples_leaf=8, model__min_samples_split=10, model__n_estimators=300; total time= 2.1min
[CV] END model__bootstrap=True, model__criterion=squared_error, model__max_depth=None, model__max_features=0.7, model__min_samples_leaf=8, model__min_samples_split=10, model__n_estimators=300; total time= 3.2min
[CV] END model__bootstrap=True, model__criterion=squared_error, model__max_depth=24, model__max_features=1.0, model__min_samples_leaf=2, model__min_samples_split=10, model__n_estimators=800; total time=10.2min
[CV] END model__bootstrap=True, model__criterion=squared_error, model__max_depth=8, model__max_features=0.7, model__min_samples_leaf=2, model__min_samples_split=10, model__n_estimators=1200; total time=  10.3s
[CV] END model__bootstrap=True, model__criterion=squared_error, model__max_depth=8, model__max_features=0.7, model__min_samples_leaf=2, model__min_samples_split=10, model__n_estimators=1200; total time=  39.4s
[CV] END model__bootstrap=True, model__criterion=squared_error, model__max_depth=8, model__max_features=0.7, model__min_samples_leaf=2, model__min_samples_split=10, model__n_estimators=1200; total time= 1.6min
[CV] END model__bootstrap=True, model__criterion=squared_error, model__max_depth=8, model__max_features=0.7, model__min_samples_leaf=2, model__min_samples_split=10, model__n_estimators=1200; total time= 5.8min
[CV] END model__bootstrap=True, model__criterion=squared_error, model__max_depth=None, model__max_features=0.7, model__min_samples_leaf=1, model__min_samples_split=10, model__n_estimators=1200; total time= 8.2min
[CV] END model__bootstrap=False, model__criterion=squared_error, model__max_depth=24, model__max_features=0.7, model__min_samples_leaf=8, model__min_samples_split=2, model__n_estimators=800; total time= 4.9min
[CV] END model__bootstrap=False, model__criterion=squared_error, model__max_depth=24, model__max_features=0.7, model__min_samples_leaf=8, model__min_samples_split=2, model__n_estimators=800; total time=11.0min
[CV] END model__bootstrap=True, model__criterion=squared_error, model__max_depth=8, model__max_features=sqrt, model__min_samples_leaf=4, model__min_samples_split=5, model__n_estimators=300; total time=   0.4s
[CV] END model__bootstrap=True, model__criterion=squared_error, model__max_depth=8, model__max_features=sqrt, model__min_samples_leaf=4, model__min_samples_split=5, model__n_estimators=300; total time=   8.4s
[CV] END model__bootstrap=True, model__criterion=squared_error, model__max_depth=8, model__max_features=sqrt, model__min_samples_leaf=4, model__min_samples_split=5, model__n_estimators=300; total time=  19.8s
[CV] END model__bootstrap=True, model__criterion=squared_error, model__max_depth=8, model__max_features=sqrt, model__min_samples_leaf=4, model__min_samples_split=5, model__n_estimators=500; total time=  32.3s
[CV] END model__bootstrap=True, model__criterion=squared_error, model__max_depth=8, model__max_features=sqrt, model__min_samples_leaf=4, model__min_samples_split=10, model__n_estimators=500; total time=   3.6s
[CV] END model__bootstrap=True, model__criterion=squared_error, model__max_depth=8, model__max_features=sqrt, model__min_samples_leaf=4, model__min_samples_split=10, model__n_estimators=500; total time=  10.6s
[CV] END model__bootstrap=True, model__criterion=squared_error, model__max_depth=8, model__max_features=sqrt, model__min_samples_leaf=4, model__min_samples_split=10, model__n_estimators=500; total time=  33.1s
[CV] END model__bootstrap=True, model__criterion=squared_error, model__max_depth=8, model__max_features=sqrt, model__min_samples_leaf=8, model__min_samples_split=5, model__n_estimators=500; total time=   5.8s
[CV] END model__bootstrap=True, model__criterion=squared_error, model__max_depth=8, model__max_features=sqrt, model__min_samples_leaf=8, model__min_samples_split=5, model__n_estimators=500; total time=  19.9s
[CV] END model__bootstrap=True, model__criterion=squared_error, model__max_depth=8, model__max_features=sqrt, model__min_samples_leaf=8, model__min_samples_split=10, model__n_estimators=300; total time=   7.9s
[CV] END model__bootstrap=True, model__criterion=squared_error, model__max_depth=8, model__max_features=sqrt, model__min_samples_leaf=8, model__min_samples_split=10, model__n_estimators=300; total time=  15.3s
[CV] END model__bootstrap=True, model__criterion=squared_error, model__max_depth=8, model__max_features=sqrt, model__min_samples_leaf=8, model__min_samples_split=10, model__n_estimators=500; total time=  15.6s
[CV] END model__bootstrap=True, model__criterion=squared_error, model__max_depth=8, model__max_features=0.5, model__min_samples_leaf=4, model__min_samples_split=5, model__n_estimators=300; total time=   3.1s
[CV] END model__bootstrap=True, model__criterion=squared_error, model__max_depth=8, model__max_features=0.5, model__min_samples_leaf=4, model__min_samples_split=5, model__n_estimators=300; total time=  11.2s
[CV] END model__bootstrap=True, model__criterion=squared_error, model__max_depth=8, model__max_features=0.5, model__min_samples_leaf=4, model__min_samples_split=5, model__n_estimators=300; total time=  38.5s
[CV] END model__bootstrap=True, model__criterion=squared_error, model__max_depth=8, model__max_features=0.5, model__min_samples_leaf=4, model__min_samples_split=5, model__n_estimators=500; total time=  11.4s
[CV] END model__bootstrap=True, model__criterion=squared_error, model__max_depth=8, model__max_features=0.5, model__min_samples_leaf=4, model__min_samples_split=5, model__n_estimators=500; total time=  27.4s
[CV] END model__bootstrap=True, model__criterion=squared_error, model__max_depth=8, model__max_features=0.5, model__min_samples_leaf=4, model__min_samples_split=5, model__n_estimators=500; total time= 1.5min
[CV] END model__bootstrap=True, model__criterion=squared_error, model__max_depth=8, model__max_features=0.5, model__min_samples_leaf=4, model__min_samples_split=10, model__n_estimators=300; total time=  53.0s
[CV] END model__bootstrap=True, model__criterion=squared_error, model__max_depth=8, model__max_features=0.5, model__min_samples_leaf=4, model__min_samples_split=10, model__n_estimators=500; total time=   5.6s
[CV] END model__bootstrap=True, model__criterion=squared_error, model__max_depth=8, model__max_features=0.5, model__min_samples_leaf=4, model__min_samples_split=10, model__n_estimators=500; total time=  19.3s
[CV] END model__bootstrap=True, model__criterion=squared_error, model__max_depth=8, model__max_features=0.5, model__min_samples_leaf=4, model__min_samples_split=10, model__n_estimators=500; total time= 1.1min[CV] END model__bootstrap=True, model__criterion=squared_error, model__max_depth=8, model__max_features=sqrt, model__min_samples_leaf=4, model__min_samples_split=5, model__n_estimators=300; total time=   4.8s
[CV] END model__bootstrap=True, model__criterion=squared_error, model__max_depth=8, model__max_features=sqrt, model__min_samples_leaf=4, model__min_samples_split=5, model__n_estimators=300; total time=  21.1s
[CV] END model__bootstrap=True, model__criterion=squared_error, model__max_depth=8, model__max_features=sqrt, model__min_samples_leaf=4, model__min_samples_split=5, model__n_estimators=500; total time=  34.7s
[CV] END model__bootstrap=True, model__criterion=squared_error, model__max_depth=8, model__max_features=sqrt, model__min_samples_leaf=4, model__min_samples_split=10, model__n_estimators=500; total time=  14.1s
[CV] END model__bootstrap=True, model__criterion=squared_error, model__max_depth=8, model__max_features=sqrt, model__min_samples_leaf=8, model__min_samples_split=5, model__n_estimators=300; total time=   0.3s
[CV] END model__bootstrap=True, model__criterion=squared_error, model__max_depth=8, model__max_features=sqrt, model__min_samples_leaf=8, model__min_samples_split=5, model__n_estimators=300; total time=   0.5s
[CV] END model__bootstrap=True, model__criterion=squared_error, model__max_depth=8, model__max_features=sqrt, model__min_samples_leaf=8, model__min_samples_split=5, model__n_estimators=300; total time=   0.6s
[CV] END model__bootstrap=True, model__criterion=squared_error, model__max_depth=8, model__max_features=sqrt, model__min_samples_leaf=8, model__min_samples_split=5, model__n_estimators=300; total time=   1.1s
[CV] END model__bootstrap=True, model__criterion=squared_error, model__max_depth=8, model__max_features=sqrt, model__min_samples_leaf=8, model__min_samples_split=5, model__n_estimators=300; total time=   2.2s
[CV] END model__bootstrap=True, model__criterion=squared_error, model__max_depth=8, model__max_features=sqrt, model__min_samples_leaf=8, model__min_samples_split=5, model__n_estimators=300; total time=   4.9s
[CV] END model__bootstrap=True, model__criterion=squared_error, model__max_depth=8, model__max_features=sqrt, model__min_samples_leaf=8, model__min_samples_split=5, model__n_estimators=300; total time=  10.0s
[CV] END model__bootstrap=True, model__criterion=squared_error, model__max_depth=8, model__max_features=sqrt, model__min_samples_leaf=8, model__min_samples_split=5, model__n_estimators=300; total time=  20.4s
[CV] END model__bootstrap=True, model__criterion=squared_error, model__max_depth=8, model__max_features=sqrt, model__min_samples_leaf=8, model__min_samples_split=5, model__n_estimators=500; total time=  30.6s
[CV] END model__bootstrap=True, model__criterion=squared_error, model__max_depth=8, model__max_features=sqrt, model__min_samples_leaf=8, model__min_samples_split=10, model__n_estimators=500; total time=   0.6s
[CV] END model__bootstrap=True, model__criterion=squared_error, model__max_depth=8, model__max_features=sqrt, model__min_samples_leaf=8, model__min_samples_split=10, model__n_estimators=500; total time=   0.9s
[CV] END model__bootstrap=True, model__criterion=squared_error, model__max_depth=8, model__max_features=sqrt, model__min_samples_leaf=8, model__min_samples_split=10, model__n_estimators=500; total time=   1.2s
[CV] END model__bootstrap=True, model__criterion=squared_error, model__max_depth=8, model__max_features=sqrt, model__min_samples_leaf=8, model__min_samples_split=10, model__n_estimators=500; total time=   3.5s
[CV] END model__bootstrap=True, model__criterion=squared_error, model__max_depth=8, model__max_features=sqrt, model__min_samples_leaf=8, model__min_samples_split=10, model__n_estimators=500; total time=  13.6s
[CV] END model__bootstrap=True, model__criterion=squared_error, model__max_depth=8, model__max_features=sqrt, model__min_samples_leaf=8, model__min_samples_split=10, model__n_estimators=500; total time=  35.1s
[CV] END model__bootstrap=True, model__criterion=squared_error, model__max_depth=8, model__max_features=0.5, model__min_samples_leaf=4, model__min_samples_split=5, model__n_estimators=300; total time= 1.3min
[CV] END model__bootstrap=True, model__criterion=squared_error, model__max_depth=8, model__max_features=0.5, model__min_samples_leaf=4, model__min_samples_split=5, model__n_estimators=500; total time= 2.2min
[CV] END model__bootstrap=True, model__criterion=squared_error, model__max_depth=8, model__max_features=0.5, model__min_samples_leaf=4, model__min_samples_split=10, model__n_estimators=500; total time=  30.2s
[CV] END model__bootstrap=True, model__criterion=squared_error, model__max_depth=8, model__max_features=0.5, model__min_samples_leaf=4, model__min_samples_split=10, model__n_estimators=500; total time= 1.8min
[CV] END model__bootstrap=True, model__criterion=squared_error, model__max_depth=8, model__max_features=0.5, model__min_samples_leaf=8, model__min_samples_split=5, model__n_estimators=300; total time= 1.3min
[CV] END model__bootstrap=True, model__criterion=squared_error, model__max_depth=8, model__max_features=0.5, model__min_samples_leaf=8, model__min_samples_split=5, model__n_estimators=500; total time= 2.0min
[CV] END model__bootstrap=True, model__criterion=squared_error, model__max_depth=8, model__max_features=0.5, model__min_samples_leaf=8, model__min_samples_split=10, model__n_estimators=500; total time=   0.7s
[CV] END model__bootstrap=True, model__criterion=squared_error, model__max_depth=8, model__max_features=0.5, model__min_samples_leaf=8, model__min_samples_split=10, model__n_estimators=500; total time=   1.8s
[CV] END model__bootstrap=True, model__criterion=squared_error, model__max_depth=8, model__max_features=0.5, model__min_samples_leaf=8, model__min_samples_split=10, model__n_estimators=500; total time=   3.1s
[CV] END model__bootstrap=True, model__criterion=squared_error, model__max_depth=8, model__max_features=0.5, model__min_samples_leaf=8, model__min_samples_split=10, model__n_estimators=500; total time=   5.8s
[CV] END model__bootstrap=True, model__criterion=squared_error, model__max_depth=8, model__max_features=0.5, model__min_samples_leaf=8, model__min_samples_split=10, model__n_estimators=500; total time=  12.2s
[CV] END model__bootstrap=True, model__criterion=squared_error, model__max_depth=8, model__max_features=0.5, model__min_samples_leaf=8, model__min_samples_split=10, model__n_estimators=500; total time=  53.2s
[CV] END model__bootstrap=True, model__criterion=squared_error, model__max_depth=12, model__max_features=sqrt, model__min_samples_leaf=4, model__min_samples_split=5, model__n_estimators=300; total time=   0.3s
[CV] END model__bootstrap=True, model__criterion=squared_error, model__max_depth=12, model__max_features=sqrt, model__min_samples_leaf=4, model__min_samples_split=5, model__n_estimators=300; total time=   0.6s
[CV] END model__bootstrap=True, model__criterion=squared_error, model__max_depth=12, model__max_features=sqrt, model__min_samples_leaf=4, model__min_samples_split=5, model__n_estimators=300; total time=   0.9s
[CV] END model__bootstrap=True, model__criterion=squared_error, model__max_depth=12, model__max_features=sqrt, model__min_samples_leaf=4, model__min_samples_split=5, model__n_estimators=300; total time=   1.3s
[CV] END model__bootstrap=True, model__criterion=squared_error, model__max_depth=12, model__max_features=sqrt, model__min_samples_leaf=4, model__min_samples_split=5, model__n_estimators=300; total time=   2.8s
[CV] END model__bootstrap=True, model__criterion=squared_error, model__max_depth=12, model__max_features=sqrt, model__min_samples_leaf=4, model__min_samples_split=5, model__n_estimators=300; total time=   4.6s
[CV] END model__bootstrap=True, model__criterion=squared_error, model__max_depth=12, model__max_features=sqrt, model__min_samples_leaf=4, model__min_samples_split=5, model__n_estimators=300; total time=   6.0s
[CV] END model__bootstrap=True, model__criterion=squared_error, model__max_depth=12, model__max_features=sqrt, model__min_samples_leaf=4, model__min_samples_split=5, model__n_estimators=300; total time=   9.0s[CV] END model__bootstrap=True, model__criterion=squared_error, model__max_depth=8, model__max_features=sqrt, model__min_samples_leaf=4, model__min_samples_split=5, model__n_estimators=300; total time=   2.2s
[CV] END model__bootstrap=True, model__criterion=squared_error, model__max_depth=8, model__max_features=sqrt, model__min_samples_leaf=4, model__min_samples_split=5, model__n_estimators=300; total time=  16.6s
[CV] END model__bootstrap=True, model__criterion=squared_error, model__max_depth=8, model__max_features=sqrt, model__min_samples_leaf=4, model__min_samples_split=5, model__n_estimators=500; total time=  23.7s
[CV] END model__bootstrap=True, model__criterion=squared_error, model__max_depth=8, model__max_features=sqrt, model__min_samples_leaf=4, model__min_samples_split=10, model__n_estimators=300; total time=  14.4s
[CV] END model__bootstrap=True, model__criterion=squared_error, model__max_depth=8, model__max_features=sqrt, model__min_samples_leaf=4, model__min_samples_split=10, model__n_estimators=500; total time=   7.8s
[CV] END model__bootstrap=True, model__criterion=squared_error, model__max_depth=8, model__max_features=sqrt, model__min_samples_leaf=4, model__min_samples_split=10, model__n_estimators=500; total time=  24.1s
[CV] END model__bootstrap=True, model__criterion=squared_error, model__max_depth=8, model__max_features=sqrt, model__min_samples_leaf=8, model__min_samples_split=5, model__n_estimators=300; total time=  13.9s
[CV] END model__bootstrap=True, model__criterion=squared_error, model__max_depth=8, model__max_features=sqrt, model__min_samples_leaf=8, model__min_samples_split=5, model__n_estimators=500; total time=   3.3s
[CV] END model__bootstrap=True, model__criterion=squared_error, model__max_depth=8, model__max_features=sqrt, model__min_samples_leaf=8, model__min_samples_split=5, model__n_estimators=500; total time=  14.0s
[CV] END model__bootstrap=True, model__criterion=squared_error, model__max_depth=8, model__max_features=sqrt, model__min_samples_leaf=8, model__min_samples_split=10, model__n_estimators=300; total time=   0.3s
[CV] END model__bootstrap=True, model__criterion=squared_error, model__max_depth=8, model__max_features=sqrt, model__min_samples_leaf=8, model__min_samples_split=10, model__n_estimators=300; total time=   0.5s
[CV] END model__bootstrap=True, model__criterion=squared_error, model__max_depth=8, model__max_features=sqrt, model__min_samples_leaf=8, model__min_samples_split=10, model__n_estimators=300; total time=   0.6s
[CV] END model__bootstrap=True, model__criterion=squared_error, model__max_depth=8, model__max_features=sqrt, model__min_samples_leaf=8, model__min_samples_split=10, model__n_estimators=300; total time=   1.1s
[CV] END model__bootstrap=True, model__criterion=squared_error, model__max_depth=8, model__max_features=sqrt, model__min_samples_leaf=8, model__min_samples_split=10, model__n_estimators=300; total time=   2.2s
[CV] END model__bootstrap=True, model__criterion=squared_error, model__max_depth=8, model__max_features=sqrt, model__min_samples_leaf=8, model__min_samples_split=10, model__n_estimators=300; total time=   4.9s
[CV] END model__bootstrap=True, model__criterion=squared_error, model__max_depth=8, model__max_features=sqrt, model__min_samples_leaf=8, model__min_samples_split=10, model__n_estimators=300; total time=  10.3s
[CV] END model__bootstrap=True, model__criterion=squared_error, model__max_depth=8, model__max_features=sqrt, model__min_samples_leaf=8, model__min_samples_split=10, model__n_estimators=300; total time=  20.1s
[CV] END model__bootstrap=True, model__criterion=squared_error, model__max_depth=8, model__max_features=sqrt, model__min_samples_leaf=8, model__min_samples_split=10, model__n_estimators=500; total time=  29.4s
[CV] END model__bootstrap=True, model__criterion=squared_error, model__max_depth=8, model__max_features=0.5, model__min_samples_leaf=4, model__min_samples_split=5, model__n_estimators=300; total time=  53.6s
[CV] END model__bootstrap=True, model__criterion=squared_error, model__max_depth=8, model__max_features=0.5, model__min_samples_leaf=4, model__min_samples_split=5, model__n_estimators=500; total time=  54.0s
[CV] END model__bootstrap=True, model__criterion=squared_error, model__max_depth=8, model__max_features=0.5, model__min_samples_leaf=4, model__min_samples_split=10, model__n_estimators=300; total time=   0.4s
[CV] END model__bootstrap=True, model__criterion=squared_error, model__max_depth=8, model__max_features=0.5, model__min_samples_leaf=4, model__min_samples_split=10, model__n_estimators=300; total time=   1.1s
[CV] END model__bootstrap=True, model__criterion=squared_error, model__max_depth=8, model__max_features=0.5, model__min_samples_leaf=4, model__min_samples_split=10, model__n_estimators=300; total time=   1.9s
[CV] END model__bootstrap=True, model__criterion=squared_error, model__max_depth=8, model__max_features=0.5, model__min_samples_leaf=4, model__min_samples_split=10, model__n_estimators=300; total time=   3.2s
[CV] END model__bootstrap=True, model__criterion=squared_error, model__max_depth=8, model__max_features=0.5, model__min_samples_leaf=4, model__min_samples_split=10, model__n_estimators=300; total time=   6.7s
[CV] END model__bootstrap=True, model__criterion=squared_error, model__max_depth=8, model__max_features=0.5, model__min_samples_leaf=4, model__min_samples_split=10, model__n_estimators=300; total time=  12.5s
[CV] END model__bootstrap=True, model__criterion=squared_error, model__max_depth=8, model__max_features=0.5, model__min_samples_leaf=4, model__min_samples_split=10, model__n_estimators=300; total time=  24.2s
[CV] END model__bootstrap=True, model__criterion=squared_error, model__max_depth=8, model__max_features=0.5, model__min_samples_leaf=4, model__min_samples_split=10, model__n_estimators=300; total time=  48.0s
[CV] END model__bootstrap=True, model__criterion=squared_error, model__max_depth=8, model__max_features=0.5, model__min_samples_leaf=4, model__min_samples_split=10, model__n_estimators=500; total time=   0.7s
[CV] END model__bootstrap=True, model__criterion=squared_error, model__max_depth=8, model__max_features=0.5, model__min_samples_leaf=4, model__min_samples_split=10, model__n_estimators=500; total time=   2.0s
[CV] END model__bootstrap=True, model__criterion=squared_error, model__max_depth=8, model__max_features=0.5, model__min_samples_leaf=4, model__min_samples_split=10, model__n_estimators=500; total time=   3.4s
[CV] END model__bootstrap=True, model__criterion=squared_error, model__max_depth=8, model__max_features=0.5, model__min_samples_leaf=4, model__min_samples_split=10, model__n_estimators=500; total time=  12.4s
[CV] END model__bootstrap=True, model__criterion=squared_error, model__max_depth=8, model__max_features=0.5, model__min_samples_leaf=4, model__min_samples_split=10, model__n_estimators=500; total time=  40.7s
[CV] END model__bootstrap=True, model__criterion=squared_error, model__max_depth=8, model__max_features=0.5, model__min_samples_leaf=4, model__min_samples_split=10, model__n_estimators=500; total time= 2.2min
[CV] END model__bootstrap=True, model__criterion=squared_error, model__max_depth=8, model__max_features=0.5, model__min_samples_leaf=8, model__min_samples_split=5, model__n_estimators=500; total time=  30.2s
[CV] END model__bootstrap=True, model__criterion=squared_error, model__max_depth=8, model__max_features=0.5, model__min_samples_leaf=8, model__min_samples_split=5, model__n_estimators=500; total time= 1.5min
[CV] END model__bootstrap=True, model__criterion=squared_error, model__max_depth=8, model__max_features=0.5, model__min_samples_leaf=8, model__min_samples_split=10, model__n_estimators=300; total time=  54.5s
[CV] END model__bootstrap=True, model__criterion=squared_error, model__max_depth=8, model__max_features=0.5, model__min_samples_leaf=8, model__min_samples_split=10, model__n_estimators=500; total time=  20.3s
[CV] END model__bootstrap=True, model__criterion=squared_error, model__max_depth=8, model__max_features=0.5, model__min_samples_leaf=8, model__min_samples_split=10, model__n_estimators=500; total time= 1.3min
[CV] END model__bootstrap=True, model__criterion=squared_error, model__max_depth=8, model__max_features=sqrt, model__min_samples_leaf=4, model__min_samples_split=10, model__n_estimators=300; total time=   1.8s
[CV] END model__bootstrap=True, model__criterion=squared_error, model__max_depth=8, model__max_features=sqrt, model__min_samples_leaf=4, model__min_samples_split=10, model__n_estimators=300; total time=   3.2s
[CV] END model__bootstrap=True, model__criterion=squared_error, model__max_depth=8, model__max_features=sqrt, model__min_samples_leaf=4, model__min_samples_split=10, model__n_estimators=300; total time=   6.0s
[CV] END model__bootstrap=True, model__criterion=squared_error, model__max_depth=8, model__max_features=sqrt, model__min_samples_leaf=4, model__min_samples_split=10, model__n_estimators=300; total time=  11.3s
[CV] END model__bootstrap=True, model__criterion=squared_error, model__max_depth=8, model__max_features=sqrt, model__min_samples_leaf=4, model__min_samples_split=10, model__n_estimators=500; total time=   0.5s
[CV] END model__bootstrap=True, model__criterion=squared_error, model__max_depth=8, model__max_features=sqrt, model__min_samples_leaf=4, model__min_samples_split=10, model__n_estimators=500; total time=   0.8s
[CV] END model__bootstrap=True, model__criterion=squared_error, model__max_depth=8, model__max_features=sqrt, model__min_samples_leaf=4, model__min_samples_split=10, model__n_estimators=500; total time=   1.2s
[CV] END model__bootstrap=True, model__criterion=squared_error, model__max_depth=8, model__max_features=sqrt, model__min_samples_leaf=4, model__min_samples_split=10, model__n_estimators=500; total time=   1.6s
[CV] END model__bootstrap=True, model__criterion=squared_error, model__max_depth=8, model__max_features=sqrt, model__min_samples_leaf=4, model__min_samples_split=10, model__n_estimators=500; total time=   5.0s
[CV] END model__bootstrap=True, model__criterion=squared_error, model__max_depth=8, model__max_features=sqrt, model__min_samples_leaf=4, model__min_samples_split=10, model__n_estimators=500; total time=  16.6s
[CV] END model__bootstrap=True, model__criterion=squared_error, model__max_depth=8, model__max_features=sqrt, model__min_samples_leaf=8, model__min_samples_split=5, model__n_estimators=300; total time=   2.8s
[CV] END model__bootstrap=True, model__criterion=squared_error, model__max_depth=8, model__max_features=sqrt, model__min_samples_leaf=8, model__min_samples_split=5, model__n_estimators=300; total time=   6.0s
[CV] END model__bootstrap=True, model__criterion=squared_error, model__max_depth=8, model__max_features=sqrt, model__min_samples_leaf=8, model__min_samples_split=5, model__n_estimators=300; total time=  11.5s
[CV] END model__bootstrap=True, model__criterion=squared_error, model__max_depth=8, model__max_features=sqrt, model__min_samples_leaf=8, model__min_samples_split=5, model__n_estimators=300; total time=  19.8s
[CV] END model__bootstrap=True, model__criterion=squared_error, model__max_depth=8, model__max_features=sqrt, model__min_samples_leaf=8, model__min_samples_split=5, model__n_estimators=500; total time=  33.2s
[CV] END model__bootstrap=True, model__criterion=squared_error, model__max_depth=8, model__max_features=sqrt, model__min_samples_leaf=8, model__min_samples_split=10, model__n_estimators=500; total time=  10.2s
[CV] END model__bootstrap=True, model__criterion=squared_error, model__max_depth=8, model__max_features=sqrt, model__min_samples_leaf=8, model__min_samples_split=10, model__n_estimators=500; total time=  31.9s
[CV] END model__bootstrap=True, model__criterion=squared_error, model__max_depth=8, model__max_features=0.5, model__min_samples_leaf=4, model__min_samples_split=5, model__n_estimators=300; total time= 1.1min
[CV] END model__bootstrap=True, model__criterion=squared_error, model__max_depth=8, model__max_features=0.5, model__min_samples_leaf=4, model__min_samples_split=5, model__n_estimators=500; total time= 1.7min
[CV] END model__bootstrap=True, model__criterion=squared_error, model__max_depth=8, model__max_features=0.5, model__min_samples_leaf=4, model__min_samples_split=10, model__n_estimators=300; total time= 1.1min
[CV] END model__bootstrap=True, model__criterion=squared_error, model__max_depth=8, model__max_features=0.5, model__min_samples_leaf=4, model__min_samples_split=10, model__n_estimators=500; total time= 1.4min
[CV] END model__bootstrap=True, model__criterion=squared_error, model__max_depth=8, model__max_features=0.5, model__min_samples_leaf=8, model__min_samples_split=5, model__n_estimators=300; total time=  45.1s
[CV] END model__bootstrap=True, model__criterion=squared_error, model__max_depth=8, model__max_features=0.5, model__min_samples_leaf=8, model__min_samples_split=5, model__n_estimators=300; total time= 1.3min
[CV] END model__bootstrap=True, model__criterion=squared_error, model__max_depth=8, model__max_features=0.5, model__min_samples_leaf=8, model__min_samples_split=5, model__n_estimators=500; total time= 2.2min
[CV] END model__bootstrap=True, model__criterion=squared_error, model__max_depth=8, model__max_features=0.5, model__min_samples_leaf=8, model__min_samples_split=10, model__n_estimators=500; total time=  38.4s
[CV] END model__bootstrap=True, model__criterion=squared_error, model__max_depth=8, model__max_features=0.5, model__min_samples_leaf=8, model__min_samples_split=10, model__n_estimators=500; total time= 2.1min
[CV] END model__bootstrap=True, model__criterion=squared_error, model__max_depth=12, model__max_features=sqrt, model__min_samples_leaf=4, model__min_samples_split=10, model__n_estimators=300; total time=   0.2s
[CV] END model__bootstrap=True, model__criterion=squared_error, model__max_depth=12, model__max_features=sqrt, model__min_samples_leaf=4, model__min_samples_split=10, model__n_estimators=300; total time=   0.4s
[CV] END model__bootstrap=True, model__criterion=squared_error, model__max_depth=12, model__max_features=sqrt, model__min_samples_leaf=4, model__min_samples_split=10, model__n_estimators=300; total time=   0.7s
[CV] END model__bootstrap=True, model__criterion=squared_error, model__max_depth=12, model__max_features=sqrt, model__min_samples_leaf=4, model__min_samples_split=10, model__n_estimators=300; total time=   1.3s
[CV] END model__bootstrap=True, model__criterion=squared_error, model__max_depth=12, model__max_features=sqrt, model__min_samples_leaf=4, model__min_samples_split=10, model__n_estimators=300; total time=   4.0s
[CV] END model__bootstrap=True, model__criterion=squared_error, model__max_depth=12, model__max_features=sqrt, model__min_samples_leaf=4, model__min_samples_split=10, model__n_estimators=300; total time=   8.4s
[CV] END model__bootstrap=True, model__criterion=squared_error, model__max_depth=12, model__max_features=sqrt, model__min_samples_leaf=4, model__min_samples_split=10, model__n_estimators=300; total time=  16.0s
[CV] END model__bootstrap=True, model__criterion=squared_error, model__max_depth=12, model__max_features=sqrt, model__min_samples_leaf=4, model__min_samples_split=10, model__n_estimators=500; total time=   0.4s
[CV] END model__bootstrap=True, model__criterion=squared_error, model__max_depth=12, model__max_features=sqrt, model__min_samples_leaf=4, model__min_samples_split=10, model__n_estimators=500; total time=   0.8s
[CV] END model__bootstrap=True, model__criterion=squared_error, model__max_depth=12, model__max_features=sqrt, model__min_samples_leaf=4, model__min_samples_split=10, model__n_estimators=500; total time=   1.4s
[CV] END model__bootstrap=True, model__criterion=squared_error, model__max_depth=12, model__max_features=sqrt, model__min_samples_leaf=4, model__min_samples_split=10, model__n_estimators=500; total time=   2.1s
[CV] END model__bootstrap=True, model__criterion=squared_error, model__max_depth=12, model__max_features=sqrt, model__min_samples_leaf=4, model__min_samples_split=10, model__n_estimators=500; total time=   9.4s
[CV] END model__bootstrap=True, model__criterion=squared_error, model__max_depth=12, model__max_features=sqrt, model__min_samples_leaf=4, model__min_samples_split=10, model__n_estimators=500; total time=  30.7s[CV] END model__bootstrap=True, model__criterion=squared_error, model__max_depth=8, model__max_features=sqrt, model__min_samples_leaf=4, model__min_samples_split=5, model__n_estimators=300; total time=   6.3s
[CV] END model__bootstrap=True, model__criterion=squared_error, model__max_depth=8, model__max_features=sqrt, model__min_samples_leaf=4, model__min_samples_split=5, model__n_estimators=500; total time=   1.0s
[CV] END model__bootstrap=True, model__criterion=squared_error, model__max_depth=8, model__max_features=sqrt, model__min_samples_leaf=4, model__min_samples_split=5, model__n_estimators=500; total time=   2.0s
[CV] END model__bootstrap=True, model__criterion=squared_error, model__max_depth=8, model__max_features=sqrt, model__min_samples_leaf=4, model__min_samples_split=5, model__n_estimators=500; total time=   8.1s
[CV] END model__bootstrap=True, model__criterion=squared_error, model__max_depth=8, model__max_features=sqrt, model__min_samples_leaf=4, model__min_samples_split=5, model__n_estimators=500; total time=  20.5s
[CV] END model__bootstrap=True, model__criterion=squared_error, model__max_depth=8, model__max_features=sqrt, model__min_samples_leaf=4, model__min_samples_split=10, model__n_estimators=300; total time=  10.4s
[CV] END model__bootstrap=True, model__criterion=squared_error, model__max_depth=8, model__max_features=sqrt, model__min_samples_leaf=4, model__min_samples_split=10, model__n_estimators=300; total time=  18.5s
[CV] END model__bootstrap=True, model__criterion=squared_error, model__max_depth=8, model__max_features=sqrt, model__min_samples_leaf=4, model__min_samples_split=10, model__n_estimators=500; total time=  26.6s
[CV] END model__bootstrap=True, model__criterion=squared_error, model__max_depth=8, model__max_features=sqrt, model__min_samples_leaf=8, model__min_samples_split=5, model__n_estimators=300; total time=  18.0s
[CV] END model__bootstrap=True, model__criterion=squared_error, model__max_depth=8, model__max_features=sqrt, model__min_samples_leaf=8, model__min_samples_split=5, model__n_estimators=500; total time=  24.1s
[CV] END model__bootstrap=True, model__criterion=squared_error, model__max_depth=8, model__max_features=sqrt, model__min_samples_leaf=8, model__min_samples_split=10, model__n_estimators=300; total time=  14.5s
[CV] END model__bootstrap=True, model__criterion=squared_error, model__max_depth=8, model__max_features=sqrt, model__min_samples_leaf=8, model__min_samples_split=10, model__n_estimators=500; total time=   7.6s
[CV] END model__bootstrap=True, model__criterion=squared_error, model__max_depth=8, model__max_features=sqrt, model__min_samples_leaf=8, model__min_samples_split=10, model__n_estimators=500; total time=  24.0s
[CV] END model__bootstrap=True, model__criterion=squared_error, model__max_depth=8, model__max_features=0.5, model__min_samples_leaf=4, model__min_samples_split=5, model__n_estimators=300; total time=  32.0s
[CV] END model__bootstrap=True, model__criterion=squared_error, model__max_depth=8, model__max_features=0.5, model__min_samples_leaf=4, model__min_samples_split=5, model__n_estimators=500; total time=   0.7s
[CV] END model__bootstrap=True, model__criterion=squared_error, model__max_depth=8, model__max_features=0.5, model__min_samples_leaf=4, model__min_samples_split=5, model__n_estimators=500; total time=   1.8s
[CV] END model__bootstrap=True, model__criterion=squared_error, model__max_depth=8, model__max_features=0.5, model__min_samples_leaf=4, model__min_samples_split=5, model__n_estimators=500; total time=   3.3s
[CV] END model__bootstrap=True, model__criterion=squared_error, model__max_depth=8, model__max_features=0.5, model__min_samples_leaf=4, model__min_samples_split=5, model__n_estimators=500; total time=   5.4s
[CV] END model__bootstrap=True, model__criterion=squared_error, model__max_depth=8, model__max_features=0.5, model__min_samples_leaf=4, model__min_samples_split=5, model__n_estimators=500; total time=  19.9s
[CV] END model__bootstrap=True, model__criterion=squared_error, model__max_depth=8, model__max_features=0.5, model__min_samples_leaf=4, model__min_samples_split=5, model__n_estimators=500; total time= 1.1min
[CV] END model__bootstrap=True, model__criterion=squared_error, model__max_depth=8, model__max_features=0.5, model__min_samples_leaf=4, model__min_samples_split=10, model__n_estimators=300; total time=  17.8s
[CV] END model__bootstrap=True, model__criterion=squared_error, model__max_depth=8, model__max_features=0.5, model__min_samples_leaf=4, model__min_samples_split=10, model__n_estimators=300; total time=  39.7s
[CV] END model__bootstrap=True, model__criterion=squared_error, model__max_depth=8, model__max_features=0.5, model__min_samples_leaf=4, model__min_samples_split=10, model__n_estimators=300; total time= 1.3min
[CV] END model__bootstrap=True, model__criterion=squared_error, model__max_depth=8, model__max_features=0.5, model__min_samples_leaf=4, model__min_samples_split=10, model__n_estimators=500; total time= 2.0min
[CV] END model__bootstrap=True, model__criterion=squared_error, model__max_depth=8, model__max_features=0.5, model__min_samples_leaf=8, model__min_samples_split=5, model__n_estimators=500; total time=   0.7s
[CV] END model__bootstrap=True, model__criterion=squared_error, model__max_depth=8, model__max_features=0.5, model__min_samples_leaf=8, model__min_samples_split=5, model__n_estimators=500; total time=   1.7s
[CV] END model__bootstrap=True, model__criterion=squared_error, model__max_depth=8, model__max_features=0.5, model__min_samples_leaf=8, model__min_samples_split=5, model__n_estimators=500; total time=   2.9s
[CV] END model__bootstrap=True, model__criterion=squared_error, model__max_depth=8, model__max_features=0.5, model__min_samples_leaf=8, model__min_samples_split=5, model__n_estimators=500; total time=   5.5s
[CV] END model__bootstrap=True, model__criterion=squared_error, model__max_depth=8, model__max_features=0.5, model__min_samples_leaf=8, model__min_samples_split=5, model__n_estimators=500; total time=  11.9s
[CV] END model__bootstrap=True, model__criterion=squared_error, model__max_depth=8, model__max_features=0.5, model__min_samples_leaf=8, model__min_samples_split=5, model__n_estimators=500; total time=  41.3s
[CV] END model__bootstrap=True, model__criterion=squared_error, model__max_depth=8, model__max_features=0.5, model__min_samples_leaf=8, model__min_samples_split=5, model__n_estimators=500; total time= 2.2min
[CV] END model__bootstrap=True, model__criterion=squared_error, model__max_depth=8, model__max_features=0.5, model__min_samples_leaf=8, model__min_samples_split=10, model__n_estimators=500; total time=  30.2s
[CV] END model__bootstrap=True, model__criterion=squared_error, model__max_depth=8, model__max_features=0.5, model__min_samples_leaf=8, model__min_samples_split=10, model__n_estimators=500; total time= 1.8min
[CV] END model__bootstrap=True, model__criterion=squared_error, model__max_depth=12, model__max_features=sqrt, model__min_samples_leaf=4, model__min_samples_split=5, model__n_estimators=500; total time=  14.8s
[CV] END model__bootstrap=True, model__criterion=squared_error, model__max_depth=12, model__max_features=sqrt, model__min_samples_leaf=4, model__min_samples_split=5, model__n_estimators=500; total time=  37.4s
[CV] END model__bootstrap=True, model__criterion=squared_error, model__max_depth=12, model__max_features=sqrt, model__min_samples_leaf=4, model__min_samples_split=10, model__n_estimators=300; total time=  19.7s
[CV] END model__bootstrap=True, model__criterion=squared_error, model__max_depth=12, model__max_features=sqrt, model__min_samples_leaf=4, model__min_samples_split=10, model__n_estimators=500; total time=   7.3s
[CV] END model__bootstrap=True, model__criterion=squared_error, model__max_depth=12, model__max_features=sqrt, model__min_samples_leaf=4, model__min_samples_split=10, model__n_estimators=500; total time=  23.0s
[CV] END model__bootstrap=True, model__criterion=squared_error, model__max_depth=12, model__max_features=sqrt, model__min_samples_leaf=8, model__min_samples_split=5, model__n_estimators=300; total time=   6.1s
[CV] END model__bootstrap=True, model__criterion=squared_error, model__max_depth=12, model__max_features=sqrt, model__min_samples_leaf=8, model__min_samples_split=5, model__n_estimators=300; total time=  13.6s[CV] END model__bootstrap=True, model__criterion=squared_error, model__max_depth=8, model__max_features=sqrt, model__min_samples_leaf=4, model__min_samples_split=5, model__n_estimators=300; total time=   3.4s
[CV] END model__bootstrap=True, model__criterion=squared_error, model__max_depth=8, model__max_features=sqrt, model__min_samples_leaf=4, model__min_samples_split=5, model__n_estimators=300; total time=  18.2s
[CV] END model__bootstrap=True, model__criterion=squared_error, model__max_depth=8, model__max_features=sqrt, model__min_samples_leaf=4, model__min_samples_split=5, model__n_estimators=500; total time=  27.7s
[CV] END model__bootstrap=True, model__criterion=squared_error, model__max_depth=8, model__max_features=sqrt, model__min_samples_leaf=4, model__min_samples_split=10, model__n_estimators=300; total time=  20.1s
[CV] END model__bootstrap=True, model__criterion=squared_error, model__max_depth=8, model__max_features=sqrt, model__min_samples_leaf=4, model__min_samples_split=10, model__n_estimators=500; total time=  30.3s
[CV] END model__bootstrap=True, model__criterion=squared_error, model__max_depth=8, model__max_features=sqrt, model__min_samples_leaf=8, model__min_samples_split=5, model__n_estimators=500; total time=   0.5s
[CV] END model__bootstrap=True, model__criterion=squared_error, model__max_depth=8, model__max_features=sqrt, model__min_samples_leaf=8, model__min_samples_split=5, model__n_estimators=500; total time=   0.9s
[CV] END model__bootstrap=True, model__criterion=squared_error, model__max_depth=8, model__max_features=sqrt, model__min_samples_leaf=8, model__min_samples_split=5, model__n_estimators=500; total time=   1.2s
[CV] END model__bootstrap=True, model__criterion=squared_error, model__max_depth=8, model__max_features=sqrt, model__min_samples_leaf=8, model__min_samples_split=5, model__n_estimators=500; total time=   1.8s
[CV] END model__bootstrap=True, model__criterion=squared_error, model__max_depth=8, model__max_features=sqrt, model__min_samples_leaf=8, model__min_samples_split=5, model__n_estimators=500; total time=   7.8s
[CV] END model__bootstrap=True, model__criterion=squared_error, model__max_depth=8, model__max_features=sqrt, model__min_samples_leaf=8, model__min_samples_split=5, model__n_estimators=500; total time=  27.6s
[CV] END model__bootstrap=True, model__criterion=squared_error, model__max_depth=8, model__max_features=sqrt, model__min_samples_leaf=8, model__min_samples_split=10, model__n_estimators=300; total time=  18.4s
[CV] END model__bootstrap=True, model__criterion=squared_error, model__max_depth=8, model__max_features=sqrt, model__min_samples_leaf=8, model__min_samples_split=10, model__n_estimators=500; total time=  27.2s
[CV] END model__bootstrap=True, model__criterion=squared_error, model__max_depth=8, model__max_features=0.5, model__min_samples_leaf=4, model__min_samples_split=5, model__n_estimators=300; total time=  48.1s
[CV] END model__bootstrap=True, model__criterion=squared_error, model__max_depth=8, model__max_features=0.5, model__min_samples_leaf=4, model__min_samples_split=5, model__n_estimators=500; total time=  42.0s
[CV] END model__bootstrap=True, model__criterion=squared_error, model__max_depth=8, model__max_features=0.5, model__min_samples_leaf=4, model__min_samples_split=5, model__n_estimators=500; total time= 2.0min
[CV] END model__bootstrap=True, model__criterion=squared_error, model__max_depth=8, model__max_features=0.5, model__min_samples_leaf=4, model__min_samples_split=10, model__n_estimators=300; total time= 1.4min
[CV] END model__bootstrap=True, model__criterion=squared_error, model__max_depth=8, model__max_features=0.5, model__min_samples_leaf=8, model__min_samples_split=5, model__n_estimators=300; total time=   0.4s
[CV] END model__bootstrap=True, model__criterion=squared_error, model__max_depth=8, model__max_features=0.5, model__min_samples_leaf=8, model__min_samples_split=5, model__n_estimators=300; total time=   1.1s
[CV] END model__bootstrap=True, model__criterion=squared_error, model__max_depth=8, model__max_features=0.5, model__min_samples_leaf=8, model__min_samples_split=5, model__n_estimators=300; total time=   1.7s
[CV] END model__bootstrap=True, model__criterion=squared_error, model__max_depth=8, model__max_features=0.5, model__min_samples_leaf=8, model__min_samples_split=5, model__n_estimators=300; total time=   3.5s
[CV] END model__bootstrap=True, model__criterion=squared_error, model__max_depth=8, model__max_features=0.5, model__min_samples_leaf=8, model__min_samples_split=5, model__n_estimators=300; total time=   7.1s
[CV] END model__bootstrap=True, model__criterion=squared_error, model__max_depth=8, model__max_features=0.5, model__min_samples_leaf=8, model__min_samples_split=5, model__n_estimators=300; total time=  18.0s
[CV] END model__bootstrap=True, model__criterion=squared_error, model__max_depth=8, model__max_features=0.5, model__min_samples_leaf=8, model__min_samples_split=5, model__n_estimators=300; total time=  39.7s
[CV] END model__bootstrap=True, model__criterion=squared_error, model__max_depth=8, model__max_features=0.5, model__min_samples_leaf=8, model__min_samples_split=5, model__n_estimators=300; total time= 1.2min
[CV] END model__bootstrap=True, model__criterion=squared_error, model__max_depth=8, model__max_features=0.5, model__min_samples_leaf=8, model__min_samples_split=5, model__n_estimators=500; total time= 1.8min
[CV] END model__bootstrap=True, model__criterion=squared_error, model__max_depth=8, model__max_features=0.5, model__min_samples_leaf=8, model__min_samples_split=10, model__n_estimators=300; total time= 1.3min
[CV] END model__bootstrap=True, model__criterion=squared_error, model__max_depth=8, model__max_features=0.5, model__min_samples_leaf=8, model__min_samples_split=10, model__n_estimators=500; total time= 2.0min
[CV] END model__bootstrap=True, model__criterion=squared_error, model__max_depth=12, model__max_features=sqrt, model__min_samples_leaf=4, model__min_samples_split=5, model__n_estimators=500; total time=  41.3s
[CV] END model__bootstrap=True, model__criterion=squared_error, model__max_depth=12, model__max_features=sqrt, model__min_samples_leaf=4, model__min_samples_split=10, model__n_estimators=300; total time=  28.5s
[CV] END model__bootstrap=True, model__criterion=squared_error, model__max_depth=12, model__max_features=sqrt, model__min_samples_leaf=8, model__min_samples_split=5, model__n_estimators=300; total time=   0.3s
[CV] END model__bootstrap=True, model__criterion=squared_error, model__max_depth=12, model__max_features=sqrt, model__min_samples_leaf=8, model__min_samples_split=5, model__n_estimators=300; total time=   0.5s
[CV] END model__bootstrap=True, model__criterion=squared_error, model__max_depth=12, model__max_features=sqrt, model__min_samples_leaf=8, model__min_samples_split=5, model__n_estimators=300; total time=   0.8s
[CV] END model__bootstrap=True, model__criterion=squared_error, model__max_depth=12, model__max_features=sqrt, model__min_samples_leaf=8, model__min_samples_split=5, model__n_estimators=300; total time=   1.2s
[CV] END model__bootstrap=True, model__criterion=squared_error, model__max_depth=12, model__max_features=sqrt, model__min_samples_leaf=8, model__min_samples_split=5, model__n_estimators=300; total time=   2.6s
[CV] END model__bootstrap=True, model__criterion=squared_error, model__max_depth=12, model__max_features=sqrt, model__min_samples_leaf=8, model__min_samples_split=5, model__n_estimators=300; total time=   4.0s
[CV] END model__bootstrap=True, model__criterion=squared_error, model__max_depth=12, model__max_features=sqrt, model__min_samples_leaf=8, model__min_samples_split=5, model__n_estimators=300; total time=   8.8s
[CV] END model__bootstrap=True, model__criterion=squared_error, model__max_depth=12, model__max_features=sqrt, model__min_samples_leaf=8, model__min_samples_split=5, model__n_estimators=300; total time=  19.5s
[CV] END model__bootstrap=True, model__criterion=squared_error, model__max_depth=12, model__max_features=sqrt, model__min_samples_leaf=8, model__min_samples_split=5, model__n_estimators=500; total time=   4.2s[CV] END model__bootstrap=True, model__criterion=squared_error, model__max_depth=8, model__max_features=sqrt, model__min_samples_leaf=4, model__min_samples_split=5, model__n_estimators=300; total time=   1.2s
[CV] END model__bootstrap=True, model__criterion=squared_error, model__max_depth=8, model__max_features=sqrt, model__min_samples_leaf=4, model__min_samples_split=5, model__n_estimators=300; total time=  13.9s
[CV] END model__bootstrap=True, model__criterion=squared_error, model__max_depth=8, model__max_features=sqrt, model__min_samples_leaf=4, model__min_samples_split=5, model__n_estimators=500; total time=  16.7s
[CV] END model__bootstrap=True, model__criterion=squared_error, model__max_depth=8, model__max_features=sqrt, model__min_samples_leaf=4, model__min_samples_split=10, model__n_estimators=300; total time=   4.6s
[CV] END model__bootstrap=True, model__criterion=squared_error, model__max_depth=8, model__max_features=sqrt, model__min_samples_leaf=4, model__min_samples_split=10, model__n_estimators=300; total time=   8.2s
[CV] END model__bootstrap=True, model__criterion=squared_error, model__max_depth=8, model__max_features=sqrt, model__min_samples_leaf=4, model__min_samples_split=10, model__n_estimators=300; total time=  16.8s
[CV] END model__bootstrap=True, model__criterion=squared_error, model__max_depth=8, model__max_features=sqrt, model__min_samples_leaf=4, model__min_samples_split=10, model__n_estimators=500; total time=  20.1s
[CV] END model__bootstrap=True, model__criterion=squared_error, model__max_depth=8, model__max_features=sqrt, model__min_samples_leaf=8, model__min_samples_split=5, model__n_estimators=300; total time=   8.2s
[CV] END model__bootstrap=True, model__criterion=squared_error, model__max_depth=8, model__max_features=sqrt, model__min_samples_leaf=8, model__min_samples_split=5, model__n_estimators=300; total time=  16.3s
[CV] END model__bootstrap=True, model__criterion=squared_error, model__max_depth=8, model__max_features=sqrt, model__min_samples_leaf=8, model__min_samples_split=5, model__n_estimators=500; total time=  17.1s
[CV] END model__bootstrap=True, model__criterion=squared_error, model__max_depth=8, model__max_features=sqrt, model__min_samples_leaf=8, model__min_samples_split=10, model__n_estimators=300; total time=   3.2s
[CV] END model__bootstrap=True, model__criterion=squared_error, model__max_depth=8, model__max_features=sqrt, model__min_samples_leaf=8, model__min_samples_split=10, model__n_estimators=300; total time=   5.9s
[CV] END model__bootstrap=True, model__criterion=squared_error, model__max_depth=8, model__max_features=sqrt, model__min_samples_leaf=8, model__min_samples_split=10, model__n_estimators=300; total time=  12.3s
[CV] END model__bootstrap=True, model__criterion=squared_error, model__max_depth=8, model__max_features=sqrt, model__min_samples_leaf=8, model__min_samples_split=10, model__n_estimators=300; total time=  21.0s
[CV] END model__bootstrap=True, model__criterion=squared_error, model__max_depth=8, model__max_features=0.5, model__min_samples_leaf=4, model__min_samples_split=5, model__n_estimators=300; total time=   0.4s
[CV] END model__bootstrap=True, model__criterion=squared_error, model__max_depth=8, model__max_features=0.5, model__min_samples_leaf=4, model__min_samples_split=5, model__n_estimators=300; total time=   1.1s
[CV] END model__bootstrap=True, model__criterion=squared_error, model__max_depth=8, model__max_features=0.5, model__min_samples_leaf=4, model__min_samples_split=5, model__n_estimators=300; total time=   2.1s
[CV] END model__bootstrap=True, model__criterion=squared_error, model__max_depth=8, model__max_features=0.5, model__min_samples_leaf=4, model__min_samples_split=5, model__n_estimators=300; total time=   7.1s
[CV] END model__bootstrap=True, model__criterion=squared_error, model__max_depth=8, model__max_features=0.5, model__min_samples_leaf=4, model__min_samples_split=5, model__n_estimators=300; total time=  24.9s
[CV] END model__bootstrap=True, model__criterion=squared_error, model__max_depth=8, model__max_features=0.5, model__min_samples_leaf=4, model__min_samples_split=5, model__n_estimators=300; total time= 1.4min
[CV] END model__bootstrap=True, model__criterion=squared_error, model__max_depth=8, model__max_features=0.5, model__min_samples_leaf=4, model__min_samples_split=5, model__n_estimators=500; total time= 2.4min
[CV] END model__bootstrap=True, model__criterion=squared_error, model__max_depth=8, model__max_features=0.5, model__min_samples_leaf=4, model__min_samples_split=10, model__n_estimators=500; total time= 1.3min
[CV] END model__bootstrap=True, model__criterion=squared_error, model__max_depth=8, model__max_features=0.5, model__min_samples_leaf=8, model__min_samples_split=5, model__n_estimators=300; total time=  32.5s
[CV] END model__bootstrap=True, model__criterion=squared_error, model__max_depth=8, model__max_features=0.5, model__min_samples_leaf=8, model__min_samples_split=5, model__n_estimators=300; total time= 1.0min
[CV] END model__bootstrap=True, model__criterion=squared_error, model__max_depth=8, model__max_features=0.5, model__min_samples_leaf=8, model__min_samples_split=5, model__n_estimators=500; total time= 1.1min
[CV] END model__bootstrap=True, model__criterion=squared_error, model__max_depth=8, model__max_features=0.5, model__min_samples_leaf=8, model__min_samples_split=10, model__n_estimators=300; total time=  18.1s
[CV] END model__bootstrap=True, model__criterion=squared_error, model__max_depth=8, model__max_features=0.5, model__min_samples_leaf=8, model__min_samples_split=10, model__n_estimators=300; total time=  31.8s
[CV] END model__bootstrap=True, model__criterion=squared_error, model__max_depth=8, model__max_features=0.5, model__min_samples_leaf=8, model__min_samples_split=10, model__n_estimators=300; total time= 1.0min
[CV] END model__bootstrap=True, model__criterion=squared_error, model__max_depth=8, model__max_features=0.5, model__min_samples_leaf=8, model__min_samples_split=10, model__n_estimators=500; total time= 1.1min
[CV] END model__bootstrap=True, model__criterion=squared_error, model__max_depth=12, model__max_features=sqrt, model__min_samples_leaf=4, model__min_samples_split=5, model__n_estimators=300; total time=  11.6s
[CV] END model__bootstrap=True, model__criterion=squared_error, model__max_depth=12, model__max_features=sqrt, model__min_samples_leaf=4, model__min_samples_split=5, model__n_estimators=300; total time=  16.9s
[CV] END model__bootstrap=True, model__criterion=squared_error, model__max_depth=12, model__max_features=sqrt, model__min_samples_leaf=4, model__min_samples_split=5, model__n_estimators=300; total time=  24.8s
[CV] END model__bootstrap=True, model__criterion=squared_error, model__max_depth=12, model__max_features=sqrt, model__min_samples_leaf=4, model__min_samples_split=5, model__n_estimators=500; total time=  10.8s
[CV] END model__bootstrap=True, model__criterion=squared_error, model__max_depth=12, model__max_features=sqrt, model__min_samples_leaf=4, model__min_samples_split=5, model__n_estimators=500; total time=  23.5s
[CV] END model__bootstrap=True, model__criterion=squared_error, model__max_depth=12, model__max_features=sqrt, model__min_samples_leaf=4, model__min_samples_split=5, model__n_estimators=500; total time=  48.2s
[CV] END model__bootstrap=True, model__criterion=squared_error, model__max_depth=12, model__max_features=sqrt, model__min_samples_leaf=4, model__min_samples_split=10, model__n_estimators=500; total time=  27.2s
[CV] END model__bootstrap=True, model__criterion=squared_error, model__max_depth=12, model__max_features=sqrt, model__min_samples_leaf=8, model__min_samples_split=5, model__n_estimators=300; total time=  11.0s
[CV] END model__bootstrap=True, model__criterion=squared_error, model__max_depth=12, model__max_features=sqrt, model__min_samples_leaf=8, model__min_samples_split=5, model__n_estimators=300; total time=  22.0s
[CV] END model__bootstrap=True, model__criterion=squared_error, model__max_depth=12, model__max_features=sqrt, model__min_samples_leaf=8, model__min_samples_split=5, model__n_estimators=500; total time=  27.4s
[CV] END model__bootstrap=True, model__criterion=squared_error, model__max_depth=8, model__max_features=sqrt, model__min_samples_leaf=4, model__min_samples_split=5, model__n_estimators=500; total time=   1.2s
[CV] END model__bootstrap=True, model__criterion=squared_error, model__max_depth=8, model__max_features=sqrt, model__min_samples_leaf=4, model__min_samples_split=5, model__n_estimators=500; total time=   3.5s
[CV] END model__bootstrap=True, model__criterion=squared_error, model__max_depth=8, model__max_features=sqrt, model__min_samples_leaf=4, model__min_samples_split=5, model__n_estimators=500; total time=  10.7s
[CV] END model__bootstrap=True, model__criterion=squared_error, model__max_depth=8, model__max_features=sqrt, model__min_samples_leaf=4, model__min_samples_split=5, model__n_estimators=500; total time=  29.3s
[CV] END model__bootstrap=True, model__criterion=squared_error, model__max_depth=8, model__max_features=sqrt, model__min_samples_leaf=4, model__min_samples_split=10, model__n_estimators=300; total time=  20.9s
[CV] END model__bootstrap=True, model__criterion=squared_error, model__max_depth=8, model__max_features=sqrt, model__min_samples_leaf=4, model__min_samples_split=10, model__n_estimators=500; total time=  33.8s
[CV] END model__bootstrap=True, model__criterion=squared_error, model__max_depth=8, model__max_features=sqrt, model__min_samples_leaf=8, model__min_samples_split=5, model__n_estimators=500; total time=   9.9s
[CV] END model__bootstrap=True, model__criterion=squared_error, model__max_depth=8, model__max_features=sqrt, model__min_samples_leaf=8, model__min_samples_split=5, model__n_estimators=500; total time=  32.2s
[CV] END model__bootstrap=True, model__criterion=squared_error, model__max_depth=8, model__max_features=sqrt, model__min_samples_leaf=8, model__min_samples_split=10, model__n_estimators=500; total time=   1.4s
[CV] END model__bootstrap=True, model__criterion=squared_error, model__max_depth=8, model__max_features=sqrt, model__min_samples_leaf=8, model__min_samples_split=10, model__n_estimators=500; total time=   5.3s
[CV] END model__bootstrap=True, model__criterion=squared_error, model__max_depth=8, model__max_features=sqrt, model__min_samples_leaf=8, model__min_samples_split=10, model__n_estimators=500; total time=  20.3s
[CV] END model__bootstrap=True, model__criterion=squared_error, model__max_depth=8, model__max_features=0.5, model__min_samples_leaf=4, model__min_samples_split=5, model__n_estimators=300; total time=  16.8s
[CV] END model__bootstrap=True, model__criterion=squared_error, model__max_depth=8, model__max_features=0.5, model__min_samples_leaf=4, model__min_samples_split=5, model__n_estimators=300; total time= 1.0min
[CV] END model__bootstrap=True, model__criterion=squared_error, model__max_depth=8, model__max_features=0.5, model__min_samples_leaf=4, model__min_samples_split=5, model__n_estimators=500; total time= 1.3min
[CV] END model__bootstrap=True, model__criterion=squared_error, model__max_depth=8, model__max_features=0.5, model__min_samples_leaf=4, model__min_samples_split=10, model__n_estimators=300; total time=  30.0s
[CV] END model__bootstrap=True, model__criterion=squared_error, model__max_depth=8, model__max_features=0.5, model__min_samples_leaf=4, model__min_samples_split=10, model__n_estimators=300; total time= 1.0min
[CV] END model__bootstrap=True, model__criterion=squared_error, model__max_depth=8, model__max_features=0.5, model__min_samples_leaf=4, model__min_samples_split=10, model__n_estimators=500; total time=  52.0s
[CV] END model__bootstrap=True, model__criterion=squared_error, model__max_depth=8, model__max_features=0.5, model__min_samples_leaf=4, model__min_samples_split=10, model__n_estimators=500; total time= 2.3min
[CV] END model__bootstrap=True, model__criterion=squared_error, model__max_depth=8, model__max_features=0.5, model__min_samples_leaf=8, model__min_samples_split=5, model__n_estimators=500; total time= 1.3min
[CV] END model__bootstrap=True, model__criterion=squared_error, model__max_depth=8, model__max_features=0.5, model__min_samples_leaf=8, model__min_samples_split=10, model__n_estimators=300; total time=  38.5s
[CV] END model__bootstrap=True, model__criterion=squared_error, model__max_depth=8, model__max_features=0.5, model__min_samples_leaf=8, model__min_samples_split=10, model__n_estimators=300; total time= 1.2min
[CV] END model__bootstrap=True, model__criterion=squared_error, model__max_depth=8, model__max_features=0.5, model__min_samples_leaf=8, model__min_samples_split=10, model__n_estimators=500; total time= 1.5min
[CV] END model__bootstrap=True, model__criterion=squared_error, model__max_depth=12, model__max_features=sqrt, model__min_samples_leaf=4, model__min_samples_split=5, model__n_estimators=300; total time=  27.7s
[CV] END model__bootstrap=True, model__criterion=squared_error, model__max_depth=12, model__max_features=sqrt, model__min_samples_leaf=4, model__min_samples_split=5, model__n_estimators=500; total time=  32.7s
[CV] END model__bootstrap=True, model__criterion=squared_error, model__max_depth=12, model__max_features=sqrt, model__min_samples_leaf=4, model__min_samples_split=10, model__n_estimators=300; total time=  10.8s
[CV] END model__bootstrap=True, model__criterion=squared_error, model__max_depth=12, model__max_features=sqrt, model__min_samples_leaf=4, model__min_samples_split=10, model__n_estimators=300; total time=  21.9s
[CV] END model__bootstrap=True, model__criterion=squared_error, model__max_depth=12, model__max_features=sqrt, model__min_samples_leaf=4, model__min_samples_split=10, model__n_estimators=500; total time=  17.9s
[CV] END model__bootstrap=True, model__criterion=squared_error, model__max_depth=12, model__max_features=sqrt, model__min_samples_leaf=4, model__min_samples_split=10, model__n_estimators=500; total time=  46.7s
[CV] END model__bootstrap=True, model__criterion=squared_error, model__max_depth=12, model__max_features=sqrt, model__min_samples_leaf=8, model__min_samples_split=5, model__n_estimators=500; total time=  22.0s
[CV] END model__bootstrap=True, model__criterion=squared_error, model__max_depth=12, model__max_features=sqrt, model__min_samples_leaf=8, model__min_samples_split=10, model__n_estimators=300; total time=   6.4s
[CV] END model__bootstrap=True, model__criterion=squared_error, model__max_depth=12, model__max_features=sqrt, model__min_samples_leaf=8, model__min_samples_split=10, model__n_estimators=300; total time=  13.3s
[CV] END model__bootstrap=True, model__criterion=squared_error, model__max_depth=12, model__max_features=sqrt, model__min_samples_leaf=8, model__min_samples_split=10, model__n_estimators=300; total time=  23.4s
[CV] END model__bootstrap=True, model__criterion=squared_error, model__max_depth=12, model__max_features=sqrt, model__min_samples_leaf=8, model__min_samples_split=10, model__n_estimators=500; total time=  31.5s
[CV] END model__bootstrap=True, model__criterion=squared_error, model__max_depth=12, model__max_features=0.5, model__min_samples_leaf=4, model__min_samples_split=5, model__n_estimators=300; total time=  42.7s
[CV] END model__bootstrap=True, model__criterion=squared_error, model__max_depth=12, model__max_features=0.5, model__min_samples_leaf=4, model__min_samples_split=5, model__n_estimators=500; total time=   0.7s
[CV] END model__bootstrap=True, model__criterion=squared_error, model__max_depth=12, model__max_features=0.5, model__min_samples_leaf=4, model__min_samples_split=5, model__n_estimators=500; total time=   2.1s
[CV] END model__bootstrap=True, model__criterion=squared_error, model__max_depth=12, model__max_features=0.5, model__min_samples_leaf=4, model__min_samples_split=5, model__n_estimators=500; total time=   3.3s
[CV] END model__bootstrap=True, model__criterion=squared_error, model__max_depth=12, model__max_features=0.5, model__min_samples_leaf=4, model__min_samples_split=5, model__n_estimators=500; total time=   6.5s
[CV] END model__bootstrap=True, model__criterion=squared_error, model__max_depth=12, model__max_features=0.5, model__min_samples_leaf=4, model__min_samples_split=5, model__n_estimators=500; total time=  15.6s
[CV] END model__bootstrap=True, model__criterion=squared_error, model__max_depth=12, model__max_features=sqrt, model__min_samples_leaf=4, model__min_samples_split=5, model__n_estimators=300; total time=  19.6s
[CV] END model__bootstrap=True, model__criterion=squared_error, model__max_depth=12, model__max_features=sqrt, model__min_samples_leaf=4, model__min_samples_split=5, model__n_estimators=300; total time=  27.7s
[CV] END model__bootstrap=True, model__criterion=squared_error, model__max_depth=12, model__max_features=sqrt, model__min_samples_leaf=4, model__min_samples_split=5, model__n_estimators=500; total time=  28.1s
[CV] END model__bootstrap=True, model__criterion=squared_error, model__max_depth=12, model__max_features=sqrt, model__min_samples_leaf=4, model__min_samples_split=10, model__n_estimators=300; total time=   2.7s
[CV] END model__bootstrap=True, model__criterion=squared_error, model__max_depth=12, model__max_features=sqrt, model__min_samples_leaf=4, model__min_samples_split=10, model__n_estimators=300; total time=   6.0s
[CV] END model__bootstrap=True, model__criterion=squared_error, model__max_depth=12, model__max_features=sqrt, model__min_samples_leaf=4, model__min_samples_split=10, model__n_estimators=300; total time=  13.6s
[CV] END model__bootstrap=True, model__criterion=squared_error, model__max_depth=12, model__max_features=sqrt, model__min_samples_leaf=4, model__min_samples_split=10, model__n_estimators=300; total time=  24.6s
[CV] END model__bootstrap=True, model__criterion=squared_error, model__max_depth=12, model__max_features=sqrt, model__min_samples_leaf=4, model__min_samples_split=10, model__n_estimators=500; total time=  38.0s
[CV] END model__bootstrap=True, model__criterion=squared_error, model__max_depth=12, model__max_features=sqrt, model__min_samples_leaf=8, model__min_samples_split=5, model__n_estimators=300; total time=  27.4s
[CV] END model__bootstrap=True, model__criterion=squared_error, model__max_depth=12, model__max_features=sqrt, model__min_samples_leaf=8, model__min_samples_split=5, model__n_estimators=500; total time=  40.8s
[CV] END model__bootstrap=True, model__criterion=squared_error, model__max_depth=12, model__max_features=sqrt, model__min_samples_leaf=8, model__min_samples_split=10, model__n_estimators=500; total time=   0.5s
[CV] END model__bootstrap=True, model__criterion=squared_error, model__max_depth=12, model__max_features=sqrt, model__min_samples_leaf=8, model__min_samples_split=10, model__n_estimators=500; total time=   0.9s
[CV] END model__bootstrap=True, model__criterion=squared_error, model__max_depth=12, model__max_features=sqrt, model__min_samples_leaf=8, model__min_samples_split=10, model__n_estimators=500; total time=   1.4s
[CV] END model__bootstrap=True, model__criterion=squared_error, model__max_depth=12, model__max_features=sqrt, model__min_samples_leaf=8, model__min_samples_split=10, model__n_estimators=500; total time=   2.1s
[CV] END model__bootstrap=True, model__criterion=squared_error, model__max_depth=12, model__max_features=sqrt, model__min_samples_leaf=8, model__min_samples_split=10, model__n_estimators=500; total time=   4.2s
[CV] END model__bootstrap=True, model__criterion=squared_error, model__max_depth=12, model__max_features=sqrt, model__min_samples_leaf=8, model__min_samples_split=10, model__n_estimators=500; total time=  18.1s
[CV] END model__bootstrap=True, model__criterion=squared_error, model__max_depth=12, model__max_features=0.5, model__min_samples_leaf=4, model__min_samples_split=5, model__n_estimators=300; total time=   0.4s
[CV] END model__bootstrap=True, model__criterion=squared_error, model__max_depth=12, model__max_features=0.5, model__min_samples_leaf=4, model__min_samples_split=5, model__n_estimators=300; total time=   1.3s
[CV] END model__bootstrap=True, model__criterion=squared_error, model__max_depth=12, model__max_features=0.5, model__min_samples_leaf=4, model__min_samples_split=5, model__n_estimators=300; total time=   2.1s
[CV] END model__bootstrap=True, model__criterion=squared_error, model__max_depth=12, model__max_features=0.5, model__min_samples_leaf=4, model__min_samples_split=5, model__n_estimators=300; total time=   3.6s
[CV] END model__bootstrap=True, model__criterion=squared_error, model__max_depth=12, model__max_features=0.5, model__min_samples_leaf=4, model__min_samples_split=5, model__n_estimators=300; total time=  16.0s
[CV] END model__bootstrap=True, model__criterion=squared_error, model__max_depth=12, model__max_features=0.5, model__min_samples_leaf=4, model__min_samples_split=5, model__n_estimators=300; total time=  54.6s
[CV] END model__bootstrap=True, model__criterion=squared_error, model__max_depth=12, model__max_features=0.5, model__min_samples_leaf=4, model__min_samples_split=5, model__n_estimators=500; total time=  27.3s
[CV] END model__bootstrap=True, model__criterion=squared_error, model__max_depth=12, model__max_features=0.5, model__min_samples_leaf=4, model__min_samples_split=5, model__n_estimators=500; total time= 1.2min
[CV] END model__bootstrap=True, model__criterion=squared_error, model__max_depth=12, model__max_features=0.5, model__min_samples_leaf=4, model__min_samples_split=10, model__n_estimators=300; total time=   0.4s
[CV] END model__bootstrap=True, model__criterion=squared_error, model__max_depth=12, model__max_features=0.5, model__min_samples_leaf=4, model__min_samples_split=10, model__n_estimators=300; total time=   1.2s
[CV] END model__bootstrap=True, model__criterion=squared_error, model__max_depth=12, model__max_features=0.5, model__min_samples_leaf=4, model__min_samples_split=10, model__n_estimators=300; total time=   2.3s
[CV] END model__bootstrap=True, model__criterion=squared_error, model__max_depth=12, model__max_features=0.5, model__min_samples_leaf=4, model__min_samples_split=10, model__n_estimators=300; total time=   4.2s
[CV] END model__bootstrap=True, model__criterion=squared_error, model__max_depth=12, model__max_features=0.5, model__min_samples_leaf=4, model__min_samples_split=10, model__n_estimators=300; total time=   9.1s
[CV] END model__bootstrap=True, model__criterion=squared_error, model__max_depth=12, model__max_features=0.5, model__min_samples_leaf=4, model__min_samples_split=10, model__n_estimators=300; total time=  16.6s
[CV] END model__bootstrap=True, model__criterion=squared_error, model__max_depth=12, model__max_features=0.5, model__min_samples_leaf=4, model__min_samples_split=10, model__n_estimators=300; total time=  32.8s
[CV] END model__bootstrap=True, model__criterion=squared_error, model__max_depth=12, model__max_features=0.5, model__min_samples_leaf=4, model__min_samples_split=10, model__n_estimators=300; total time= 1.1min
[CV] END model__bootstrap=True, model__criterion=squared_error, model__max_depth=12, model__max_features=0.5, model__min_samples_leaf=4, model__min_samples_split=10, model__n_estimators=500; total time=   0.6s
[CV] END model__bootstrap=True, model__criterion=squared_error, model__max_depth=12, model__max_features=0.5, model__min_samples_leaf=4, model__min_samples_split=10, model__n_estimators=500; total time=   1.9s
[CV] END model__bootstrap=True, model__criterion=squared_error, model__max_depth=12, model__max_features=0.5, model__min_samples_leaf=4, model__min_samples_split=10, model__n_estimators=500; total time=   4.1s
[CV] END model__bootstrap=True, model__criterion=squared_error, model__max_depth=12, model__max_features=0.5, model__min_samples_leaf=4, model__min_samples_split=10, model__n_estimators=500; total time=  15.6s
[CV] END model__bootstrap=True, model__criterion=squared_error, model__max_depth=12, model__max_features=0.5, model__min_samples_leaf=4, model__min_samples_split=10, model__n_estimators=500; total time=  55.8s
[CV] END model__bootstrap=True, model__criterion=squared_error, model__max_depth=12, model__max_features=0.5, model__min_samples_leaf=4, model__min_samples_split=10, model__n_estimators=500; total time= 3.0min
[CV] END model__bootstrap=True, model__criterion=squared_error, model__max_depth=12, model__max_features=0.5, model__min_samples_leaf=8, model__min_samples_split=5, model__n_estimators=500; total time=  55.0s
[CV] END model__bootstrap=True, model__criterion=squared_error, model__max_depth=12, model__max_features=sqrt, model__min_samples_leaf=8, model__min_samples_split=5, model__n_estimators=300; total time=  15.8s
[CV] END model__bootstrap=True, model__criterion=squared_error, model__max_depth=12, model__max_features=sqrt, model__min_samples_leaf=8, model__min_samples_split=5, model__n_estimators=500; total time=   0.5s
[CV] END model__bootstrap=True, model__criterion=squared_error, model__max_depth=12, model__max_features=sqrt, model__min_samples_leaf=8, model__min_samples_split=5, model__n_estimators=500; total time=   0.9s
[CV] END model__bootstrap=True, model__criterion=squared_error, model__max_depth=12, model__max_features=sqrt, model__min_samples_leaf=8, model__min_samples_split=5, model__n_estimators=500; total time=   1.2s
[CV] END model__bootstrap=True, model__criterion=squared_error, model__max_depth=12, model__max_features=sqrt, model__min_samples_leaf=8, model__min_samples_split=5, model__n_estimators=500; total time=   2.2s
[CV] END model__bootstrap=True, model__criterion=squared_error, model__max_depth=12, model__max_features=sqrt, model__min_samples_leaf=8, model__min_samples_split=5, model__n_estimators=500; total time=   6.7s
[CV] END model__bootstrap=True, model__criterion=squared_error, model__max_depth=12, model__max_features=sqrt, model__min_samples_leaf=8, model__min_samples_split=5, model__n_estimators=500; total time=  16.8s
[CV] END model__bootstrap=True, model__criterion=squared_error, model__max_depth=12, model__max_features=sqrt, model__min_samples_leaf=8, model__min_samples_split=10, model__n_estimators=300; total time=   0.3s
[CV] END model__bootstrap=True, model__criterion=squared_error, model__max_depth=12, model__max_features=sqrt, model__min_samples_leaf=8, model__min_samples_split=10, model__n_estimators=300; total time=   0.4s
[CV] END model__bootstrap=True, model__criterion=squared_error, model__max_depth=12, model__max_features=sqrt, model__min_samples_leaf=8, model__min_samples_split=10, model__n_estimators=300; total time=   0.6s
[CV] END model__bootstrap=True, model__criterion=squared_error, model__max_depth=12, model__max_features=sqrt, model__min_samples_leaf=8, model__min_samples_split=10, model__n_estimators=300; total time=   1.0s
[CV] END model__bootstrap=True, model__criterion=squared_error, model__max_depth=12, model__max_features=sqrt, model__min_samples_leaf=8, model__min_samples_split=10, model__n_estimators=300; total time=   2.4s
[CV] END model__bootstrap=True, model__criterion=squared_error, model__max_depth=12, model__max_features=sqrt, model__min_samples_leaf=8, model__min_samples_split=10, model__n_estimators=300; total time=   4.2s
[CV] END model__bootstrap=True, model__criterion=squared_error, model__max_depth=12, model__max_features=sqrt, model__min_samples_leaf=8, model__min_samples_split=10, model__n_estimators=300; total time=   8.3s
[CV] END model__bootstrap=True, model__criterion=squared_error, model__max_depth=12, model__max_features=sqrt, model__min_samples_leaf=8, model__min_samples_split=10, model__n_estimators=300; total time=  15.7s
[CV] END model__bootstrap=True, model__criterion=squared_error, model__max_depth=12, model__max_features=sqrt, model__min_samples_leaf=8, model__min_samples_split=10, model__n_estimators=300; total time=  26.3s
[CV] END model__bootstrap=True, model__criterion=squared_error, model__max_depth=12, model__max_features=sqrt, model__min_samples_leaf=8, model__min_samples_split=10, model__n_estimators=500; total time=  44.6s
[CV] END model__bootstrap=True, model__criterion=squared_error, model__max_depth=12, model__max_features=0.5, model__min_samples_leaf=4, model__min_samples_split=5, model__n_estimators=300; total time= 1.7min
[CV] END model__bootstrap=True, model__criterion=squared_error, model__max_depth=12, model__max_features=0.5, model__min_samples_leaf=4, model__min_samples_split=5, model__n_estimators=500; total time= 2.9min
[CV] END model__bootstrap=True, model__criterion=squared_error, model__max_depth=12, model__max_features=0.5, model__min_samples_leaf=4, model__min_samples_split=10, model__n_estimators=500; total time=   6.9s
[CV] END model__bootstrap=True, model__criterion=squared_error, model__max_depth=12, model__max_features=0.5, model__min_samples_leaf=4, model__min_samples_split=10, model__n_estimators=500; total time=  36.5s
[CV] END model__bootstrap=True, model__criterion=squared_error, model__max_depth=12, model__max_features=0.5, model__min_samples_leaf=4, model__min_samples_split=10, model__n_estimators=500; total time= 2.0min
[CV] END model__bootstrap=True, model__criterion=squared_error, model__max_depth=12, model__max_features=0.5, model__min_samples_leaf=8, model__min_samples_split=5, model__n_estimators=300; total time= 1.2min
[CV] END model__bootstrap=True, model__criterion=squared_error, model__max_depth=12, model__max_features=0.5, model__min_samples_leaf=8, model__min_samples_split=5, model__n_estimators=500; total time=   5.6s
[CV] END model__bootstrap=True, model__criterion=squared_error, model__max_depth=12, model__max_features=0.5, model__min_samples_leaf=8, model__min_samples_split=5, model__n_estimators=500; total time=  25.1s
[CV] END model__bootstrap=True, model__criterion=squared_error, model__max_depth=12, model__max_features=0.5, model__min_samples_leaf=8, model__min_samples_split=5, model__n_estimators=500; total time= 1.1min
[CV] END model__bootstrap=True, model__criterion=squared_error, model__max_depth=12, model__max_features=0.5, model__min_samples_leaf=8, model__min_samples_split=5, model__n_estimators=500; total time= 3.0min
[CV] END model__bootstrap=True, model__criterion=squared_error, model__max_depth=12, model__max_features=0.5, model__min_samples_leaf=8, model__min_samples_split=10, model__n_estimators=500; total time= 1.4min
[CV] END model__bootstrap=True, model__criterion=squared_error, model__max_depth=18, model__max_features=sqrt, model__min_samples_leaf=4, model__min_samples_split=5, model__n_estimators=300; total time=  12.5s
[CV] END model__bootstrap=True, model__criterion=squared_error, model__max_depth=18, model__max_features=sqrt, model__min_samples_leaf=4, model__min_samples_split=5, model__n_estimators=300; total time=  18.8s
[CV] END model__bootstrap=True, model__criterion=squared_error, model__max_depth=18, model__max_features=sqrt, model__min_samples_leaf=4, model__min_samples_split=5, model__n_estimators=300; total time=  27.7s
[CV] END model__bootstrap=True, model__criterion=squared_error, model__max_depth=18, model__max_features=sqrt, model__min_samples_leaf=4, model__min_samples_split=5, model__n_estimators=500; total time=   1.0s
[CV] END model__bootstrap=True, model__criterion=squared_error, model__max_depth=18, model__max_features=sqrt, model__min_samples_leaf=4, model__min_samples_split=5, model__n_estimators=500; total time=   2.3s
[CV] END model__bootstrap=True, model__criterion=squared_error, model__max_depth=18, model__max_features=sqrt, model__min_samples_leaf=4, model__min_samples_split=5, model__n_estimators=500; total time=   7.4s
[CV] END model__bootstrap=True, model__criterion=squared_error, model__max_depth=18, model__max_features=sqrt, model__min_samples_leaf=4, model__min_samples_split=5, model__n_estimators=500; total time=  15.8s
[CV] END model__bootstrap=True, model__criterion=squared_error, model__max_depth=18, model__max_features=sqrt, model__min_samples_leaf=4, model__min_samples_split=5, model__n_estimators=500; total time=  38.6s
[CV] END model__bootstrap=True, model__criterion=squared_error, model__max_depth=18, model__max_features=sqrt, model__min_samples_leaf=4, model__min_samples_split=10, model__n_estimators=300; total time=   7.0s
[CV] END model__bootstrap=True, model__criterion=squared_error, model__max_depth=18, model__max_features=sqrt, model__min_samples_leaf=4, model__min_samples_split=10, model__n_estimators=300; total time=  12.4s
[CV] END model__bootstrap=True, model__criterion=squared_error, model__max_depth=18, model__max_features=sqrt, model__min_samples_leaf=4, model__min_samples_split=10, model__n_estimators=300; total time=  25.9s
[CV] END model__bootstrap=True, model__criterion=squared_error, model__max_depth=8, model__max_features=0.5, model__min_samples_leaf=8, model__min_samples_split=5, model__n_estimators=300; total time=  11.0s
[CV] END model__bootstrap=True, model__criterion=squared_error, model__max_depth=8, model__max_features=0.5, model__min_samples_leaf=8, model__min_samples_split=5, model__n_estimators=300; total time=  23.7s
[CV] END model__bootstrap=True, model__criterion=squared_error, model__max_depth=8, model__max_features=0.5, model__min_samples_leaf=8, model__min_samples_split=5, model__n_estimators=300; total time=  53.6s
[CV] END model__bootstrap=True, model__criterion=squared_error, model__max_depth=8, model__max_features=0.5, model__min_samples_leaf=8, model__min_samples_split=5, model__n_estimators=500; total time=  19.5s
[CV] END model__bootstrap=True, model__criterion=squared_error, model__max_depth=8, model__max_features=0.5, model__min_samples_leaf=8, model__min_samples_split=5, model__n_estimators=500; total time=  51.4s
[CV] END model__bootstrap=True, model__criterion=squared_error, model__max_depth=8, model__max_features=0.5, model__min_samples_leaf=8, model__min_samples_split=10, model__n_estimators=300; total time=   0.4s
[CV] END model__bootstrap=True, model__criterion=squared_error, model__max_depth=8, model__max_features=0.5, model__min_samples_leaf=8, model__min_samples_split=10, model__n_estimators=300; total time=   1.1s
[CV] END model__bootstrap=True, model__criterion=squared_error, model__max_depth=8, model__max_features=0.5, model__min_samples_leaf=8, model__min_samples_split=10, model__n_estimators=300; total time=   2.0s
[CV] END model__bootstrap=True, model__criterion=squared_error, model__max_depth=8, model__max_features=0.5, model__min_samples_leaf=8, model__min_samples_split=10, model__n_estimators=300; total time=   3.0s
[CV] END model__bootstrap=True, model__criterion=squared_error, model__max_depth=8, model__max_features=0.5, model__min_samples_leaf=8, model__min_samples_split=10, model__n_estimators=300; total time=   6.6s
[CV] END model__bootstrap=True, model__criterion=squared_error, model__max_depth=8, model__max_features=0.5, model__min_samples_leaf=8, model__min_samples_split=10, model__n_estimators=300; total time=  11.0s
[CV] END model__bootstrap=True, model__criterion=squared_error, model__max_depth=8, model__max_features=0.5, model__min_samples_leaf=8, model__min_samples_split=10, model__n_estimators=300; total time=  24.0s
[CV] END model__bootstrap=True, model__criterion=squared_error, model__max_depth=8, model__max_features=0.5, model__min_samples_leaf=8, model__min_samples_split=10, model__n_estimators=300; total time=  45.9s
[CV] END model__bootstrap=True, model__criterion=squared_error, model__max_depth=8, model__max_features=0.5, model__min_samples_leaf=8, model__min_samples_split=10, model__n_estimators=300; total time= 1.4min
[CV] END model__bootstrap=True, model__criterion=squared_error, model__max_depth=8, model__max_features=0.5, model__min_samples_leaf=8, model__min_samples_split=10, model__n_estimators=500; total time= 2.3min
[CV] END model__bootstrap=True, model__criterion=squared_error, model__max_depth=12, model__max_features=sqrt, model__min_samples_leaf=4, model__min_samples_split=10, model__n_estimators=300; total time=  26.1s
[CV] END model__bootstrap=True, model__criterion=squared_error, model__max_depth=12, model__max_features=sqrt, model__min_samples_leaf=4, model__min_samples_split=10, model__n_estimators=500; total time=  38.7s
[CV] END model__bootstrap=True, model__criterion=squared_error, model__max_depth=12, model__max_features=sqrt, model__min_samples_leaf=8, model__min_samples_split=5, model__n_estimators=300; total time=  26.9s
[CV] END model__bootstrap=True, model__criterion=squared_error, model__max_depth=12, model__max_features=sqrt, model__min_samples_leaf=8, model__min_samples_split=5, model__n_estimators=500; total time=  46.4s
[CV] END model__bootstrap=True, model__criterion=squared_error, model__max_depth=12, model__max_features=sqrt, model__min_samples_leaf=8, model__min_samples_split=10, model__n_estimators=500; total time=  13.4s
[CV] END model__bootstrap=True, model__criterion=squared_error, model__max_depth=12, model__max_features=sqrt, model__min_samples_leaf=8, model__min_samples_split=10, model__n_estimators=500; total time=  43.1s
[CV] END model__bootstrap=True, model__criterion=squared_error, model__max_depth=12, model__max_features=0.5, model__min_samples_leaf=4, model__min_samples_split=5, model__n_estimators=300; total time= 1.4min
[CV] END model__bootstrap=True, model__criterion=squared_error, model__max_depth=12, model__max_features=0.5, model__min_samples_leaf=4, model__min_samples_split=5, model__n_estimators=500; total time= 1.7min
[CV] END model__bootstrap=True, model__criterion=squared_error, model__max_depth=12, model__max_features=0.5, model__min_samples_leaf=4, model__min_samples_split=10, model__n_estimators=300; total time=  40.4s
[CV] END model__bootstrap=True, model__criterion=squared_error, model__max_depth=12, model__max_features=0.5, model__min_samples_leaf=4, model__min_samples_split=10, model__n_estimators=300; total time= 1.3min
[CV] END model__bootstrap=True, model__criterion=squared_error, model__max_depth=12, model__max_features=0.5, model__min_samples_leaf=4, model__min_samples_split=10, model__n_estimators=500; total time= 1.2min
[CV] END model__bootstrap=True, model__criterion=squared_error, model__max_depth=12, model__max_features=0.5, model__min_samples_leaf=4, model__min_samples_split=10, model__n_estimators=500; total time= 3.0min
[CV] END model__bootstrap=True, model__criterion=squared_error, model__max_depth=12, model__max_features=0.5, model__min_samples_leaf=8, model__min_samples_split=5, model__n_estimators=500; total time= 1.7min
[CV] END model__bootstrap=True, model__criterion=squared_error, model__max_depth=12, model__max_features=0.5, model__min_samples_leaf=8, model__min_samples_split=10, model__n_estimators=300; total time=  40.2s
[CV] END model__bootstrap=True, model__criterion=squared_error, model__max_depth=12, model__max_features=0.5, model__min_samples_leaf=8, model__min_samples_split=10, model__n_estimators=300; total time= 1.3min
[CV] END model__bootstrap=True, model__criterion=squared_error, model__max_depth=12, model__max_features=0.5, model__min_samples_leaf=8, model__min_samples_split=10, model__n_estimators=500; total time= 1.1min
[CV] END model__bootstrap=True, model__criterion=squared_error, model__max_depth=12, model__max_features=0.5, model__min_samples_leaf=8, model__min_samples_split=10, model__n_estimators=500; total time= 3.1min
[CV] END model__bootstrap=True, model__criterion=squared_error, model__max_depth=18, model__max_features=sqrt, model__min_samples_leaf=4, model__min_samples_split=10, model__n_estimators=500; total time=   0.5s
[CV] END model__bootstrap=True, model__criterion=squared_error, model__max_depth=18, model__max_features=sqrt, model__min_samples_leaf=4, model__min_samples_split=10, model__n_estimators=500; total time=   0.6s
[CV] END model__bootstrap=True, model__criterion=squared_error, model__max_depth=18, model__max_features=sqrt, model__min_samples_leaf=4, model__min_samples_split=10, model__n_estimators=500; total time=   1.2s
[CV] END model__bootstrap=True, model__criterion=squared_error, model__max_depth=18, model__max_features=sqrt, model__min_samples_leaf=4, model__min_samples_split=10, model__n_estimators=500; total time=   1.9s
[CV] END model__bootstrap=True, model__criterion=squared_error, model__max_depth=18, model__max_features=sqrt, model__min_samples_leaf=4, model__min_samples_split=10, model__n_estimators=500; total time=  11.9s
[CV] END model__bootstrap=True, model__criterion=squared_error, model__max_depth=18, model__max_features=sqrt, model__min_samples_leaf=4, model__min_samples_split=10, model__n_estimators=500; total time=  38.3s
[CV] END model__bootstrap=True, model__criterion=squared_error, model__max_depth=18, model__max_features=sqrt, model__min_samples_leaf=8, model__min_samples_split=5, model__n_estimators=300; total time=  21.9s
[CV] END model__bootstrap=True, model__criterion=squared_error, model__max_depth=12, model__max_features=sqrt, model__min_samples_leaf=4, model__min_samples_split=5, model__n_estimators=300; total time=  14.0s
[CV] END model__bootstrap=True, model__criterion=squared_error, model__max_depth=12, model__max_features=sqrt, model__min_samples_leaf=4, model__min_samples_split=5, model__n_estimators=300; total time=  21.5s
[CV] END model__bootstrap=True, model__criterion=squared_error, model__max_depth=12, model__max_features=sqrt, model__min_samples_leaf=4, model__min_samples_split=5, model__n_estimators=500; total time=   0.6s
[CV] END model__bootstrap=True, model__criterion=squared_error, model__max_depth=12, model__max_features=sqrt, model__min_samples_leaf=4, model__min_samples_split=5, model__n_estimators=500; total time=   0.7s
[CV] END model__bootstrap=True, model__criterion=squared_error, model__max_depth=12, model__max_features=sqrt, model__min_samples_leaf=4, model__min_samples_split=5, model__n_estimators=500; total time=   1.3s
[CV] END model__bootstrap=True, model__criterion=squared_error, model__max_depth=12, model__max_features=sqrt, model__min_samples_leaf=4, model__min_samples_split=5, model__n_estimators=500; total time=   2.3s
[CV] END model__bootstrap=True, model__criterion=squared_error, model__max_depth=12, model__max_features=sqrt, model__min_samples_leaf=4, model__min_samples_split=5, model__n_estimators=500; total time=   4.6s
[CV] END model__bootstrap=True, model__criterion=squared_error, model__max_depth=12, model__max_features=sqrt, model__min_samples_leaf=4, model__min_samples_split=5, model__n_estimators=500; total time=   7.6s
[CV] END model__bootstrap=True, model__criterion=squared_error, model__max_depth=12, model__max_features=sqrt, model__min_samples_leaf=4, model__min_samples_split=5, model__n_estimators=500; total time=  19.5s
[CV] END model__bootstrap=True, model__criterion=squared_error, model__max_depth=12, model__max_features=sqrt, model__min_samples_leaf=4, model__min_samples_split=5, model__n_estimators=500; total time=  46.0s
[CV] END model__bootstrap=True, model__criterion=squared_error, model__max_depth=12, model__max_features=sqrt, model__min_samples_leaf=4, model__min_samples_split=10, model__n_estimators=500; total time=   4.6s
[CV] END model__bootstrap=True, model__criterion=squared_error, model__max_depth=12, model__max_features=sqrt, model__min_samples_leaf=4, model__min_samples_split=10, model__n_estimators=500; total time=  14.9s
[CV] END model__bootstrap=True, model__criterion=squared_error, model__max_depth=12, model__max_features=sqrt, model__min_samples_leaf=4, model__min_samples_split=10, model__n_estimators=500; total time=  45.5s
[CV] END model__bootstrap=True, model__criterion=squared_error, model__max_depth=12, model__max_features=sqrt, model__min_samples_leaf=8, model__min_samples_split=5, model__n_estimators=500; total time=  10.5s
[CV] END model__bootstrap=True, model__criterion=squared_error, model__max_depth=12, model__max_features=sqrt, model__min_samples_leaf=8, model__min_samples_split=5, model__n_estimators=500; total time=  36.9s
[CV] END model__bootstrap=True, model__criterion=squared_error, model__max_depth=12, model__max_features=sqrt, model__min_samples_leaf=8, model__min_samples_split=10, model__n_estimators=300; total time=  27.3s
[CV] END model__bootstrap=True, model__criterion=squared_error, model__max_depth=12, model__max_features=sqrt, model__min_samples_leaf=8, model__min_samples_split=10, model__n_estimators=500; total time=  40.6s
[CV] END model__bootstrap=True, model__criterion=squared_error, model__max_depth=12, model__max_features=0.5, model__min_samples_leaf=4, model__min_samples_split=5, model__n_estimators=300; total time= 1.3min
[CV] END model__bootstrap=True, model__criterion=squared_error, model__max_depth=12, model__max_features=0.5, model__min_samples_leaf=4, model__min_samples_split=5, model__n_estimators=500; total time= 1.5min
[CV] END model__bootstrap=True, model__criterion=squared_error, model__max_depth=12, model__max_features=0.5, model__min_samples_leaf=4, model__min_samples_split=10, model__n_estimators=300; total time=  24.0s
[CV] END model__bootstrap=True, model__criterion=squared_error, model__max_depth=12, model__max_features=0.5, model__min_samples_leaf=4, model__min_samples_split=10, model__n_estimators=300; total time=  54.7s
[CV] END model__bootstrap=True, model__criterion=squared_error, model__max_depth=12, model__max_features=0.5, model__min_samples_leaf=4, model__min_samples_split=10, model__n_estimators=300; total time= 1.6min
[CV] END model__bootstrap=True, model__criterion=squared_error, model__max_depth=12, model__max_features=0.5, model__min_samples_leaf=4, model__min_samples_split=10, model__n_estimators=500; total time= 2.3min
[CV] END model__bootstrap=True, model__criterion=squared_error, model__max_depth=12, model__max_features=0.5, model__min_samples_leaf=8, model__min_samples_split=5, model__n_estimators=300; total time= 1.6min
[CV] END model__bootstrap=True, model__criterion=squared_error, model__max_depth=12, model__max_features=0.5, model__min_samples_leaf=8, model__min_samples_split=5, model__n_estimators=500; total time= 2.3min
[CV] END model__bootstrap=True, model__criterion=squared_error, model__max_depth=12, model__max_features=0.5, model__min_samples_leaf=8, model__min_samples_split=10, model__n_estimators=300; total time= 1.6min
[CV] END model__bootstrap=True, model__criterion=squared_error, model__max_depth=12, model__max_features=0.5, model__min_samples_leaf=8, model__min_samples_split=10, model__n_estimators=500; total time= 2.4min
[CV] END model__bootstrap=True, model__criterion=squared_error, model__max_depth=18, model__max_features=sqrt, model__min_samples_leaf=4, model__min_samples_split=5, model__n_estimators=500; total time=  33.7s
[CV] END model__bootstrap=True, model__criterion=squared_error, model__max_depth=18, model__max_features=sqrt, model__min_samples_leaf=4, model__min_samples_split=10, model__n_estimators=300; total time=   0.3s
[CV] END model__bootstrap=True, model__criterion=squared_error, model__max_depth=18, model__max_features=sqrt, model__min_samples_leaf=4, model__min_samples_split=10, model__n_estimators=300; total time=   0.5s
[CV] END model__bootstrap=True, model__criterion=squared_error, model__max_depth=18, model__max_features=sqrt, model__min_samples_leaf=4, model__min_samples_split=10, model__n_estimators=300; total time=   0.6s
[CV] END model__bootstrap=True, model__criterion=squared_error, model__max_depth=18, model__max_features=sqrt, model__min_samples_leaf=4, model__min_samples_split=10, model__n_estimators=300; total time=   1.4s
[CV] END model__bootstrap=True, model__criterion=squared_error, model__max_depth=18, model__max_features=sqrt, model__min_samples_leaf=4, model__min_samples_split=10, model__n_estimators=300; total time=   2.8s
[CV] END model__bootstrap=True, model__criterion=squared_error, model__max_depth=18, model__max_features=sqrt, model__min_samples_leaf=4, model__min_samples_split=10, model__n_estimators=300; total time=   4.8s
[CV] END model__bootstrap=True, model__criterion=squared_error, model__max_depth=18, model__max_features=sqrt, model__min_samples_leaf=4, model__min_samples_split=10, model__n_estimators=300; total time=  10.1s
[CV] END model__bootstrap=True, model__criterion=squared_error, model__max_depth=18, model__max_features=sqrt, model__min_samples_leaf=4, model__min_samples_split=10, model__n_estimators=300; total time=  17.2s
[CV] END model__bootstrap=True, model__criterion=squared_error, model__max_depth=18, model__max_features=sqrt, model__min_samples_leaf=4, model__min_samples_split=10, model__n_estimators=300; total time=  34.0s
[CV] END model__bootstrap=True, model__criterion=squared_error, model__max_depth=18, model__max_features=sqrt, model__min_samples_leaf=4, model__min_samples_split=10, model__n_estimators=500; total time=  56.4s
[CV] END model__bootstrap=True, model__criterion=squared_error, model__max_depth=18, model__max_features=sqrt, model__min_samples_leaf=8, model__min_samples_split=5, model__n_estimators=500; total time=  16.2s
[CV] END model__bootstrap=True, model__criterion=squared_error, model__max_depth=12, model__max_features=sqrt, model__min_samples_leaf=8, model__min_samples_split=5, model__n_estimators=300; total time=  24.2s
[CV] END model__bootstrap=True, model__criterion=squared_error, model__max_depth=12, model__max_features=sqrt, model__min_samples_leaf=8, model__min_samples_split=5, model__n_estimators=500; total time=  32.2s
[CV] END model__bootstrap=True, model__criterion=squared_error, model__max_depth=12, model__max_features=sqrt, model__min_samples_leaf=8, model__min_samples_split=10, model__n_estimators=300; total time=  19.5s
[CV] END model__bootstrap=True, model__criterion=squared_error, model__max_depth=12, model__max_features=sqrt, model__min_samples_leaf=8, model__min_samples_split=10, model__n_estimators=500; total time=  10.5s
[CV] END model__bootstrap=True, model__criterion=squared_error, model__max_depth=12, model__max_features=sqrt, model__min_samples_leaf=8, model__min_samples_split=10, model__n_estimators=500; total time=  36.3s
[CV] END model__bootstrap=True, model__criterion=squared_error, model__max_depth=12, model__max_features=0.5, model__min_samples_leaf=4, model__min_samples_split=5, model__n_estimators=300; total time= 1.1min
[CV] END model__bootstrap=True, model__criterion=squared_error, model__max_depth=12, model__max_features=0.5, model__min_samples_leaf=4, model__min_samples_split=5, model__n_estimators=500; total time=  55.0s
[CV] END model__bootstrap=True, model__criterion=squared_error, model__max_depth=12, model__max_features=0.5, model__min_samples_leaf=4, model__min_samples_split=5, model__n_estimators=500; total time= 2.7min
[CV] END model__bootstrap=True, model__criterion=squared_error, model__max_depth=12, model__max_features=0.5, model__min_samples_leaf=4, model__min_samples_split=10, model__n_estimators=300; total time= 1.9min
[CV] END model__bootstrap=True, model__criterion=squared_error, model__max_depth=12, model__max_features=0.5, model__min_samples_leaf=8, model__min_samples_split=5, model__n_estimators=300; total time=   0.3s
[CV] END model__bootstrap=True, model__criterion=squared_error, model__max_depth=12, model__max_features=0.5, model__min_samples_leaf=8, model__min_samples_split=5, model__n_estimators=300; total time=   0.9s
[CV] END model__bootstrap=True, model__criterion=squared_error, model__max_depth=12, model__max_features=0.5, model__min_samples_leaf=8, model__min_samples_split=5, model__n_estimators=300; total time=   2.1s
[CV] END model__bootstrap=True, model__criterion=squared_error, model__max_depth=12, model__max_features=0.5, model__min_samples_leaf=8, model__min_samples_split=5, model__n_estimators=300; total time=   3.9s
[CV] END model__bootstrap=True, model__criterion=squared_error, model__max_depth=12, model__max_features=0.5, model__min_samples_leaf=8, model__min_samples_split=5, model__n_estimators=300; total time=   8.8s
[CV] END model__bootstrap=True, model__criterion=squared_error, model__max_depth=12, model__max_features=0.5, model__min_samples_leaf=8, model__min_samples_split=5, model__n_estimators=300; total time=  23.2s
[CV] END model__bootstrap=True, model__criterion=squared_error, model__max_depth=12, model__max_features=0.5, model__min_samples_leaf=8, model__min_samples_split=5, model__n_estimators=300; total time=  53.8s
[CV] END model__bootstrap=True, model__criterion=squared_error, model__max_depth=12, model__max_features=0.5, model__min_samples_leaf=8, model__min_samples_split=5, model__n_estimators=300; total time= 1.8min
[CV] END model__bootstrap=True, model__criterion=squared_error, model__max_depth=12, model__max_features=0.5, model__min_samples_leaf=8, model__min_samples_split=5, model__n_estimators=500; total time= 3.0min
[CV] END model__bootstrap=True, model__criterion=squared_error, model__max_depth=12, model__max_features=0.5, model__min_samples_leaf=8, model__min_samples_split=10, model__n_estimators=500; total time=  38.6s
[CV] END model__bootstrap=True, model__criterion=squared_error, model__max_depth=12, model__max_features=0.5, model__min_samples_leaf=8, model__min_samples_split=10, model__n_estimators=500; total time= 2.1min
[CV] END model__bootstrap=True, model__criterion=squared_error, model__max_depth=18, model__max_features=sqrt, model__min_samples_leaf=4, model__min_samples_split=5, model__n_estimators=500; total time=   0.6s
[CV] END model__bootstrap=True, model__criterion=squared_error, model__max_depth=18, model__max_features=sqrt, model__min_samples_leaf=4, model__min_samples_split=5, model__n_estimators=500; total time=   1.2s
[CV] END model__bootstrap=True, model__criterion=squared_error, model__max_depth=18, model__max_features=sqrt, model__min_samples_leaf=4, model__min_samples_split=5, model__n_estimators=500; total time=   4.5s
[CV] END model__bootstrap=True, model__criterion=squared_error, model__max_depth=18, model__max_features=sqrt, model__min_samples_leaf=4, model__min_samples_split=5, model__n_estimators=500; total time=  12.3s
[CV] END model__bootstrap=True, model__criterion=squared_error, model__max_depth=18, model__max_features=sqrt, model__min_samples_leaf=4, model__min_samples_split=5, model__n_estimators=500; total time=  28.3s
[CV] END model__bootstrap=True, model__criterion=squared_error, model__max_depth=18, model__max_features=sqrt, model__min_samples_leaf=4, model__min_samples_split=5, model__n_estimators=500; total time=  56.3s
[CV] END model__bootstrap=True, model__criterion=squared_error, model__max_depth=18, model__max_features=sqrt, model__min_samples_leaf=4, model__min_samples_split=10, model__n_estimators=500; total time=   8.3s
[CV] END model__bootstrap=True, model__criterion=squared_error, model__max_depth=18, model__max_features=sqrt, model__min_samples_leaf=4, model__min_samples_split=10, model__n_estimators=500; total time=  28.2s
[CV] END model__bootstrap=True, model__criterion=squared_error, model__max_depth=18, model__max_features=sqrt, model__min_samples_leaf=8, model__min_samples_split=5, model__n_estimators=300; total time=   6.7s
[CV] END model__bootstrap=True, model__criterion=squared_error, model__max_depth=18, model__max_features=sqrt, model__min_samples_leaf=8, model__min_samples_split=5, model__n_estimators=300; total time=  12.4s
[CV] END model__bootstrap=True, model__criterion=squared_error, model__max_depth=18, model__max_features=sqrt, model__min_samples_leaf=8, model__min_samples_split=5, model__n_estimators=300; total time=  26.1s
[CV] END model__bootstrap=True, model__criterion=squared_error, model__max_depth=18, model__max_features=sqrt, model__min_samples_leaf=8, model__min_samples_split=5, model__n_estimators=500; total time=  20.8s
[CV] END model__bootstrap=True, model__criterion=squared_error, model__max_depth=18, model__max_features=sqrt, model__min_samples_leaf=8, model__min_samples_split=10, model__n_estimators=300; total time=   0.3s
[CV] END model__bootstrap=True, model__criterion=squared_error, model__max_depth=18, model__max_features=sqrt, model__min_samples_leaf=8, model__min_samples_split=10, model__n_estimators=300; total time=   0.3s
[CV] END model__bootstrap=True, model__criterion=squared_error, model__max_depth=18, model__max_features=sqrt, model__min_samples_leaf=8, model__min_samples_split=10, model__n_estimators=300; total time=   0.8s
[CV] END model__bootstrap=True, model__criterion=squared_error, model__max_depth=18, model__max_features=sqrt, model__min_samples_leaf=8, model__min_samples_split=10, model__n_estimators=300; total time=   1.1s
[CV] END model__bootstrap=True, model__criterion=squared_error, model__max_depth=18, model__max_features=sqrt, model__min_samples_leaf=8, model__min_samples_split=10, model__n_estimators=300; total time=   2.7s
[CV] END model__bootstrap=True, model__criterion=squared_error, model__max_depth=18, model__max_features=sqrt, model__min_samples_leaf=8, model__min_samples_split=10, model__n_estimators=300; total time=   4.5s
[CV] END model__bootstrap=True, model__criterion=squared_error, model__max_depth=18, model__max_features=sqrt, model__min_samples_leaf=8, model__min_samples_split=10, model__n_estimators=300; total time=   9.4s
[CV] END model__bootstrap=True, model__criterion=squared_error, model__max_depth=12, model__max_features=0.5, model__min_samples_leaf=4, model__min_samples_split=5, model__n_estimators=500; total time=  36.8s
[CV] END model__bootstrap=True, model__criterion=squared_error, model__max_depth=12, model__max_features=0.5, model__min_samples_leaf=4, model__min_samples_split=5, model__n_estimators=500; total time= 2.0min
[CV] END model__bootstrap=True, model__criterion=squared_error, model__max_depth=12, model__max_features=0.5, model__min_samples_leaf=4, model__min_samples_split=10, model__n_estimators=300; total time= 1.2min
[CV] END model__bootstrap=True, model__criterion=squared_error, model__max_depth=12, model__max_features=0.5, model__min_samples_leaf=4, model__min_samples_split=10, model__n_estimators=500; total time=  26.2s
[CV] END model__bootstrap=True, model__criterion=squared_error, model__max_depth=12, model__max_features=0.5, model__min_samples_leaf=4, model__min_samples_split=10, model__n_estimators=500; total time= 1.4min
[CV] END model__bootstrap=True, model__criterion=squared_error, model__max_depth=12, model__max_features=0.5, model__min_samples_leaf=8, model__min_samples_split=5, model__n_estimators=300; total time=  14.8s
[CV] END model__bootstrap=True, model__criterion=squared_error, model__max_depth=12, model__max_features=0.5, model__min_samples_leaf=8, model__min_samples_split=5, model__n_estimators=300; total time=  31.7s
[CV] END model__bootstrap=True, model__criterion=squared_error, model__max_depth=12, model__max_features=0.5, model__min_samples_leaf=8, model__min_samples_split=5, model__n_estimators=300; total time= 1.0min
[CV] END model__bootstrap=True, model__criterion=squared_error, model__max_depth=12, model__max_features=0.5, model__min_samples_leaf=8, model__min_samples_split=5, model__n_estimators=300; total time= 1.8min
[CV] END model__bootstrap=True, model__criterion=squared_error, model__max_depth=12, model__max_features=0.5, model__min_samples_leaf=8, model__min_samples_split=10, model__n_estimators=300; total time=   0.3s
[CV] END model__bootstrap=True, model__criterion=squared_error, model__max_depth=12, model__max_features=0.5, model__min_samples_leaf=8, model__min_samples_split=10, model__n_estimators=300; total time=   0.7s
[CV] END model__bootstrap=True, model__criterion=squared_error, model__max_depth=12, model__max_features=0.5, model__min_samples_leaf=8, model__min_samples_split=10, model__n_estimators=300; total time=   1.9s
[CV] END model__bootstrap=True, model__criterion=squared_error, model__max_depth=12, model__max_features=0.5, model__min_samples_leaf=8, model__min_samples_split=10, model__n_estimators=300; total time=   3.9s
[CV] END model__bootstrap=True, model__criterion=squared_error, model__max_depth=12, model__max_features=0.5, model__min_samples_leaf=8, model__min_samples_split=10, model__n_estimators=300; total time=   8.2s
[CV] END model__bootstrap=True, model__criterion=squared_error, model__max_depth=12, model__max_features=0.5, model__min_samples_leaf=8, model__min_samples_split=10, model__n_estimators=300; total time=  15.0s
[CV] END model__bootstrap=True, model__criterion=squared_error, model__max_depth=12, model__max_features=0.5, model__min_samples_leaf=8, model__min_samples_split=10, model__n_estimators=300; total time=  31.1s
[CV] END model__bootstrap=True, model__criterion=squared_error, model__max_depth=12, model__max_features=0.5, model__min_samples_leaf=8, model__min_samples_split=10, model__n_estimators=300; total time= 1.0min
[CV] END model__bootstrap=True, model__criterion=squared_error, model__max_depth=12, model__max_features=0.5, model__min_samples_leaf=8, model__min_samples_split=10, model__n_estimators=300; total time= 1.8min
[CV] END model__bootstrap=True, model__criterion=squared_error, model__max_depth=18, model__max_features=sqrt, model__min_samples_leaf=4, model__min_samples_split=5, model__n_estimators=300; total time=   0.2s
[CV] END model__bootstrap=True, model__criterion=squared_error, model__max_depth=18, model__max_features=sqrt, model__min_samples_leaf=4, model__min_samples_split=5, model__n_estimators=300; total time=   0.5s
[CV] END model__bootstrap=True, model__criterion=squared_error, model__max_depth=18, model__max_features=sqrt, model__min_samples_leaf=4, model__min_samples_split=5, model__n_estimators=300; total time=   0.9s
[CV] END model__bootstrap=True, model__criterion=squared_error, model__max_depth=18, model__max_features=sqrt, model__min_samples_leaf=4, model__min_samples_split=5, model__n_estimators=300; total time=   1.3s
[CV] END model__bootstrap=True, model__criterion=squared_error, model__max_depth=18, model__max_features=sqrt, model__min_samples_leaf=4, model__min_samples_split=5, model__n_estimators=300; total time=   3.0s
[CV] END model__bootstrap=True, model__criterion=squared_error, model__max_depth=18, model__max_features=sqrt, model__min_samples_leaf=4, model__min_samples_split=5, model__n_estimators=300; total time=   5.2s
[CV] END model__bootstrap=True, model__criterion=squared_error, model__max_depth=18, model__max_features=sqrt, model__min_samples_leaf=4, model__min_samples_split=5, model__n_estimators=300; total time=   7.7s
[CV] END model__bootstrap=True, model__criterion=squared_error, model__max_depth=18, model__max_features=sqrt, model__min_samples_leaf=4, model__min_samples_split=5, model__n_estimators=300; total time=  10.1s
[CV] END model__bootstrap=True, model__criterion=squared_error, model__max_depth=18, model__max_features=sqrt, model__min_samples_leaf=4, model__min_samples_split=5, model__n_estimators=300; total time=  16.1s
[CV] END model__bootstrap=True, model__criterion=squared_error, model__max_depth=18, model__max_features=sqrt, model__min_samples_leaf=4, model__min_samples_split=5, model__n_estimators=300; total time=  23.0s
[CV] END model__bootstrap=True, model__criterion=squared_error, model__max_depth=18, model__max_features=sqrt, model__min_samples_leaf=4, model__min_samples_split=5, model__n_estimators=300; total time=  33.9s
[CV] END model__bootstrap=True, model__criterion=squared_error, model__max_depth=18, model__max_features=sqrt, model__min_samples_leaf=4, model__min_samples_split=5, model__n_estimators=500; total time=  21.9s
[CV] END model__bootstrap=True, model__criterion=squared_error, model__max_depth=18, model__max_features=sqrt, model__min_samples_leaf=4, model__min_samples_split=5, model__n_estimators=500; total time=  50.0s
[CV] END model__bootstrap=True, model__criterion=squared_error, model__max_depth=18, model__max_features=sqrt, model__min_samples_leaf=4, model__min_samples_split=10, model__n_estimators=300; total time=  29.9s
[CV] END model__bootstrap=True, model__criterion=squared_error, model__max_depth=18, model__max_features=sqrt, model__min_samples_leaf=4, model__min_samples_split=10, model__n_estimators=500; total time=  44.3s
[CV] END model__bootstrap=True, model__criterion=squared_error, model__max_depth=18, model__max_features=sqrt, model__min_samples_leaf=8, model__min_samples_split=5, model__n_estimators=300; total time=  31.4s
[CV] END model__bootstrap=True, model__criterion=squared_error, model__max_depth=18, model__max_features=sqrt, model__min_samples_leaf=8, model__min_samples_split=5, model__n_estimators=500; total time=  47.2s
[CV] END model__bootstrap=True, model__criterion=squared_error, model__max_depth=18, model__max_features=sqrt, model__min_samples_leaf=8, model__min_samples_split=10, model__n_estimators=300; total time=  32.8s
[CV] END model__bootstrap=True, model__criterion=squared_error, model__max_depth=18, model__max_features=0.5, model__min_samples_leaf=4, model__min_samples_split=5, model__n_estimators=300; total time=   0.4s
[CV] END model__bootstrap=True, model__criterion=squared_error, model__max_depth=18, model__max_features=0.5, model__min_samples_leaf=4, model__min_samples_split=5, model__n_estimators=300; total time=   1.2s
[CV] END model__bootstrap=True, model__criterion=squared_error, model__max_depth=18, model__max_features=0.5, model__min_samples_leaf=4, model__min_samples_split=5, model__n_estimators=300; total time=   2.2s
[CV] END model__bootstrap=True, model__criterion=squared_error, model__max_depth=12, model__max_features=sqrt, model__min_samples_leaf=8, model__min_samples_split=5, model__n_estimators=500; total time=  14.1s
[CV] END model__bootstrap=True, model__criterion=squared_error, model__max_depth=12, model__max_features=sqrt, model__min_samples_leaf=8, model__min_samples_split=5, model__n_estimators=500; total time=  45.6s
[CV] END model__bootstrap=True, model__criterion=squared_error, model__max_depth=12, model__max_features=sqrt, model__min_samples_leaf=8, model__min_samples_split=10, model__n_estimators=500; total time=   7.1s
[CV] END model__bootstrap=True, model__criterion=squared_error, model__max_depth=12, model__max_features=sqrt, model__min_samples_leaf=8, model__min_samples_split=10, model__n_estimators=500; total time=  26.8s
[CV] END model__bootstrap=True, model__criterion=squared_error, model__max_depth=12, model__max_features=0.5, model__min_samples_leaf=4, model__min_samples_split=5, model__n_estimators=300; total time=  24.1s
[CV] END model__bootstrap=True, model__criterion=squared_error, model__max_depth=12, model__max_features=0.5, model__min_samples_leaf=4, model__min_samples_split=5, model__n_estimators=300; total time= 1.6min
[CV] END model__bootstrap=True, model__criterion=squared_error, model__max_depth=12, model__max_features=0.5, model__min_samples_leaf=4, model__min_samples_split=5, model__n_estimators=500; total time= 2.4min
[CV] END model__bootstrap=True, model__criterion=squared_error, model__max_depth=12, model__max_features=0.5, model__min_samples_leaf=4, model__min_samples_split=10, model__n_estimators=300; total time= 1.8min
[CV] END model__bootstrap=True, model__criterion=squared_error, model__max_depth=12, model__max_features=0.5, model__min_samples_leaf=4, model__min_samples_split=10, model__n_estimators=500; total time= 2.7min
[CV] END model__bootstrap=True, model__criterion=squared_error, model__max_depth=12, model__max_features=0.5, model__min_samples_leaf=8, model__min_samples_split=5, model__n_estimators=500; total time=   0.5s
[CV] END model__bootstrap=True, model__criterion=squared_error, model__max_depth=12, model__max_features=0.5, model__min_samples_leaf=8, model__min_samples_split=5, model__n_estimators=500; total time=   1.7s
[CV] END model__bootstrap=True, model__criterion=squared_error, model__max_depth=12, model__max_features=0.5, model__min_samples_leaf=8, model__min_samples_split=5, model__n_estimators=500; total time=   3.5s
[CV] END model__bootstrap=True, model__criterion=squared_error, model__max_depth=12, model__max_features=0.5, model__min_samples_leaf=8, model__min_samples_split=5, model__n_estimators=500; total time=  14.5s
[CV] END model__bootstrap=True, model__criterion=squared_error, model__max_depth=12, model__max_features=0.5, model__min_samples_leaf=8, model__min_samples_split=5, model__n_estimators=500; total time=  38.0s
[CV] END model__bootstrap=True, model__criterion=squared_error, model__max_depth=12, model__max_features=0.5, model__min_samples_leaf=8, model__min_samples_split=5, model__n_estimators=500; total time= 2.1min
[CV] END model__bootstrap=True, model__criterion=squared_error, model__max_depth=12, model__max_features=0.5, model__min_samples_leaf=8, model__min_samples_split=10, model__n_estimators=300; total time= 1.2min
[CV] END model__bootstrap=True, model__criterion=squared_error, model__max_depth=12, model__max_features=0.5, model__min_samples_leaf=8, model__min_samples_split=10, model__n_estimators=500; total time=  25.4s
[CV] END model__bootstrap=True, model__criterion=squared_error, model__max_depth=12, model__max_features=0.5, model__min_samples_leaf=8, model__min_samples_split=10, model__n_estimators=500; total time= 1.8min
[CV] END model__bootstrap=True, model__criterion=squared_error, model__max_depth=18, model__max_features=sqrt, model__min_samples_leaf=4, model__min_samples_split=5, model__n_estimators=300; total time=  27.2s
[CV] END model__bootstrap=True, model__criterion=squared_error, model__max_depth=18, model__max_features=sqrt, model__min_samples_leaf=4, model__min_samples_split=5, model__n_estimators=300; total time=  36.2s
[CV] END model__bootstrap=True, model__criterion=squared_error, model__max_depth=18, model__max_features=sqrt, model__min_samples_leaf=4, model__min_samples_split=5, model__n_estimators=500; total time=  46.1s
[CV] END model__bootstrap=True, model__criterion=squared_error, model__max_depth=18, model__max_features=sqrt, model__min_samples_leaf=4, model__min_samples_split=10, model__n_estimators=300; total time=  20.5s
[CV] END model__bootstrap=True, model__criterion=squared_error, model__max_depth=18, model__max_features=sqrt, model__min_samples_leaf=4, model__min_samples_split=10, model__n_estimators=300; total time=  36.0s
[CV] END model__bootstrap=True, model__criterion=squared_error, model__max_depth=18, model__max_features=sqrt, model__min_samples_leaf=8, model__min_samples_split=5, model__n_estimators=300; total time=   0.3s
[CV] END model__bootstrap=True, model__criterion=squared_error, model__max_depth=18, model__max_features=sqrt, model__min_samples_leaf=8, model__min_samples_split=5, model__n_estimators=300; total time=   0.3s
[CV] END model__bootstrap=True, model__criterion=squared_error, model__max_depth=18, model__max_features=sqrt, model__min_samples_leaf=8, model__min_samples_split=5, model__n_estimators=300; total time=   0.7s
[CV] END model__bootstrap=True, model__criterion=squared_error, model__max_depth=18, model__max_features=sqrt, model__min_samples_leaf=8, model__min_samples_split=5, model__n_estimators=300; total time=   1.0s
[CV] END model__bootstrap=True, model__criterion=squared_error, model__max_depth=18, model__max_features=sqrt, model__min_samples_leaf=8, model__min_samples_split=5, model__n_estimators=300; total time=   2.4s
[CV] END model__bootstrap=True, model__criterion=squared_error, model__max_depth=18, model__max_features=sqrt, model__min_samples_leaf=8, model__min_samples_split=5, model__n_estimators=300; total time=   4.6s
[CV] END model__bootstrap=True, model__criterion=squared_error, model__max_depth=18, model__max_features=sqrt, model__min_samples_leaf=8, model__min_samples_split=5, model__n_estimators=300; total time=   9.4s
[CV] END model__bootstrap=True, model__criterion=squared_error, model__max_depth=18, model__max_features=sqrt, model__min_samples_leaf=8, model__min_samples_split=5, model__n_estimators=300; total time=  18.6s
[CV] END model__bootstrap=True, model__criterion=squared_error, model__max_depth=18, model__max_features=sqrt, model__min_samples_leaf=8, model__min_samples_split=5, model__n_estimators=300; total time=  34.1s
[CV] END model__bootstrap=True, model__criterion=squared_error, model__max_depth=18, model__max_features=sqrt, model__min_samples_leaf=8, model__min_samples_split=5, model__n_estimators=500; total time=  56.4s
[CV] END model__bootstrap=True, model__criterion=squared_error, model__max_depth=18, model__max_features=sqrt, model__min_samples_leaf=8, model__min_samples_split=10, model__n_estimators=500; total time=  32.0s
[CV] END model__bootstrap=True, model__criterion=squared_error, model__max_depth=18, model__max_features=0.5, model__min_samples_leaf=4, model__min_samples_split=5, model__n_estimators=300; total time=  28.9s
[CV] END model__bootstrap=True, model__criterion=squared_error, model__max_depth=18, model__max_features=0.5, model__min_samples_leaf=4, model__min_samples_split=5, model__n_estimators=300; total time= 2.0min
[CV] END model__bootstrap=True, model__criterion=squared_error, model__max_depth=18, model__max_features=0.5, model__min_samples_leaf=4, model__min_samples_split=5, model__n_estimators=500; total time= 3.0min
[CV] END model__bootstrap=True, model__criterion=squared_error, model__max_depth=18, model__max_features=0.5, model__min_samples_leaf=4, model__min_samples_split=10, model__n_estimators=300; total time= 2.3min
Traceback (most recent call last):
  File [35m"C:\Users\Admin\Desktop\Projetos\Projeto-ML\.venv\Lib\site-packages\joblib\externals\loky\backend\resource_tracker.py"[0m, line [35m319[0m, in [35mmain[0m
    del [31mregistry[rtype][0m[1;31m[name][0m
        [31m~~~~~~~~~~~~~~~[0m[1;31m^^^^^^[0m
[1;35mKeyError[0m: [35m'C:\\Users\\Admin\\AppData\\Local\\Temp\\joblib_memmapping_folder_20448_6b8c6d7b48da47198ac010bef606573a_d63b40d5f00d46b8b376f8b715ab150d'[0m
[NbConvertApp] Writing 113978 bytes to C:\Users\Admin\Desktop\Projetos\Projeto-ML\runs\20260613-134558\notebooks\01_random_forest.executed.ipynb
[CV] END model__bootstrap=True, model__criterion=squared_error, model__max_depth=18, model__max_features=0.5, model__min_samples_leaf=4, model__min_samples_split=10, model__n_estimators=500; total time= 3.7min
